Open,High,Low,Close,Volume,Dividends,Stock Splits
30.27572155456417,30.568649129420468,28.17796447315823,28.659881591796875,35019100,0.0,0
28.159069605805744,28.43310169222023,27.261382203627928,28.24411392211914,6020100,0.0,0
27.724398348536052,28.75437783978177,27.16688644768485,28.5275936126709,4481900,0.0,0
28.007875861666513,29.009508367998446,27.988978529380017,28.754375457763672,3667200,0.0,0
29.075656761434445,30.27572490727304,28.924467272450787,29.95444679260254,4342300,0.0,0
29.670969709708128,31.244286134502314,28.94809474174766,30.71984672546387,5252000,0.0,0
30.370221489296323,31.277358557704183,30.039495559556666,30.8804874420166,4253400,0.0,0
30.483605805168125,30.710391823135055,29.56702117729537,29.99224090576172,5036700,0.0,0
29.784354140611768,31.32459932961085,28.754374759694517,30.899377822875977,5601700,0.0,0
30.899380376300112,31.6269808802527,30.71039262384047,31.201759338378906,3619500,0.0,0
30.95607410532331,30.97497324098858,30.493057897769674,30.79543685913086,827800,0.0,0
30.49305887467153,31.655328720509356,30.39856319331785,30.93717956542969,1928500,0.0,0
31.23010779566237,31.52303900680218,30.918281052512537,31.36239814758301,2139500,0.0,0
31.428543838423014,32.411277332564225,31.18286226720861,31.636430740356445,2764900,0.0,0
31.220664913473865,31.428548239878808,30.412745619597906,30.71984672546387,2914900,0.0,0
30.389112555425395,31.38129368569712,30.24737084911173,31.17341041564941,1213100,0.0,0
31.060015811077275,31.9010074755922,30.946624608072465,31.797067642211914,2004700,0.0,0
31.608087115024336,31.995510451304398,31.38130105261159,31.957712173461914,1622900,0.0,0
32.19394203494286,33.05383292434146,32.12779685919233,32.836498260498054,3809400,0.0,0
32.98768846780176,34.01766800434109,32.704208622027274,33.951522827148445,2603000,0.0,0
33.84758206709193,34.499586124676775,33.63969514816252,34.376747131347656,1993100,0.0,0
34.37674405749938,35.165764095223366,34.31059888096215,34.707469940185554,1258300,0.0,0
34.93424748593229,35.04763867462834,33.70582912393498,34.565723419189446,1814000,0.0,0
34.603522043083224,34.96259838716994,33.044381304818536,33.21446990966797,3886300,0.0,0
33.12943764010687,33.322203113450826,32.26954653866747,32.48688125610352,1555100,0.0,0
32.44908157780656,33.51685958244691,32.39238415648887,33.31842041015625,3784000,0.0,0
33.36565377299212,33.86646813386337,32.38292057782073,32.581356048583984,1983200,0.0,0
32.33568372833064,33.17667548039019,32.3167845917556,33.02548599243164,944900,0.0,0
32.73255643920114,33.2806206136916,32.56246780605872,33.09163284301758,703600,0.0,0
33.072736392567094,34.60353061058037,32.88374860653826,34.32950210571289,1438500,0.0,0
34.40509538163489,35.02875255815894,33.98932513216627,34.82086563110352,888300,0.0,0
34.63187063227124,35.425616209470476,34.59407236558529,35.28387451171875,822200,0.0,0
35.1988307742688,35.58625400236369,34.972044775184415,35.179931640625,533800,0.0,0
35.3122253063745,35.86973718527377,35.097727508774646,35.69020080566406,658500,0.0,0
35.66184920777726,36.398897369208754,35.600426124563946,35.76578903198242,773000,0.0,0
35.633504318508884,36.474496041247114,35.302778451580906,35.425621032714844,2007000,0.0,0
35.595710563402406,36.294964262460226,34.41926713931832,34.94370651245117,1712300,0.0,0
34.94370432819989,35.6335066126616,34.471236713803506,34.603527069091804,1099600,0.0,0
34.41453692861445,34.9248027820803,34.074363297612145,34.801963806152344,1368000,0.0,0
34.783068704169146,35.04764942717976,34.112161920669124,34.85866165161133,1333800,0.0,0
36.65403315025115,36.814670385954564,34.197199743811886,34.81140899658203,3712600,0.0,0
34.67912524737441,35.15159288397449,34.03656897322694,34.85866165161133,2185900,0.0,0
34.6696755336777,34.97205454718781,34.13106269057268,34.924808502197266,1235200,0.0,0
34.85865991008728,35.246083208558154,34.53738178906446,35.17049026489258,1010200,0.0,0
35.094895469911364,35.17049202199554,34.72637129010602,34.85866165161133,1907200,0.0,0
34.72637235402224,34.849214952601564,34.40509420710546,34.62242889404297,1214200,0.0,0
34.76417122830097,34.96260678004657,34.32950184696046,34.924808502197266,890400,0.0,0
34.915354101072786,35.49176511250794,34.745265487710235,35.066543579101555,1337000,0.0,0
34.943701477437116,35.359471646515686,34.45800486713581,34.74526596069336,2035300,0.0,0
34.641323113083345,35.59570604667665,34.57517793969775,35.425621032714844,1199600,0.0,0
35.38782789859325,35.71855381353701,34.43344122179763,34.65077590942383,1183300,0.0,0
34.56339465818242,35.01930050847986,34.43042257141453,34.50640869140625,1015300,0.188,0
34.5728923712388,34.705864448916145,34.01250745587188,34.61088180541992,1088400,0.0,0
34.38293017161813,35.076287153856676,34.38293017161813,34.93381500244141,912300,0.0,0
34.83883559826993,35.66516464697299,34.83883559826993,35.484703063964844,1625200,0.0,0
35.69365724219075,36.06408044231076,35.294737441372924,35.87411880493164,2212200,0.0,0
35.807643821470975,36.8619277921004,35.722161239441085,36.49150085449219,2496300,0.0,0
36.55798696048846,37.488795194420135,36.52949035378054,36.94740676879883,1495200,0.0,0
37.16585325564984,37.37480779398488,36.77738281579849,37.27033233642578,1097600,0.0,0
37.27983604351717,37.80222792585288,37.02338832894127,37.43180465698242,1362100,0.0,0
37.30832674361013,37.69774651823963,36.64346636488949,37.19435119628906,1575200,0.0,0
37.19434490437932,37.53627511171787,36.747935619996575,37.11836242675781,1138900,0.0,0
37.042384229476326,37.583772632203576,36.66246089065625,37.29883193969727,868900,0.0,0
37.27034024993695,37.71674602183168,36.88092044458927,37.45080184936523,1128300,0.0,0
37.355826077393274,37.745245916666995,37.27983995108721,37.65976333618164,1098400,0.0,0
37.517282897960854,37.75473405554288,37.232342233505825,37.6407585144043,1387700,0.0,0
37.583764309485694,38.144149117381566,37.574267858565996,37.89720153808594,1034800,0.0,0
37.77373206764889,37.94469719768519,37.327322714418884,37.63125991821289,1488000,0.0,0
37.574273957012316,38.11566232772147,37.327322714418884,37.63125991821289,1295400,0.0,0
37.4317996465409,37.99218451303689,37.4317996465409,37.84971237182617,800800,0.0,0
37.9447010767932,37.9447010767932,37.2988335468992,37.51728820800781,564200,0.0,0
37.51728323788559,37.66925183518632,37.34821667881146,37.59326934814453,374900,0.0,0
37.70725305556569,37.70725305556569,37.118375066409996,37.498294830322266,603400,0.0,0
37.46029817323546,37.79273201088704,37.22284698486328,37.22284698486328,653800,0.0,0
37.137354701060346,38.03017325473553,37.10886172533596,37.9446907043457,734400,0.0,0
37.70725007191489,38.36261405847888,37.57142651161036,38.201148986816406,818900,0.0,0
38.06816748357935,38.435739200745225,37.545772091007954,38.37210464477539,1254100,0.0,0
38.34361613974613,38.57157087037549,38.04917899073771,38.39110565185547,1784400,0.0,0
38.23913602205933,38.98948261236815,38.034927864525095,38.695045471191406,1684000,0.0,0
38.60955843198127,39.01797469976135,38.39110018559164,38.67604446411133,1926500,0.0,0
38.74253872774353,39.036975897387045,38.50508752733797,38.92300033569336,1533800,0.0,0
38.9609878848011,39.511872707724926,38.81281641466785,39.32191467285156,1544100,0.0,0
39.31242051492786,39.521378732604035,39.236438014184216,39.44539260864258,1383900,0.0,0
39.416894726101845,40.129248245248256,39.24878106371336,40.09125518798828,992300,0.0,0
40.30970899118175,41.288010267514416,40.15774038853065,40.23372650146485,2309500,0.0,0
40.15773810152589,40.36669627697735,39.654342813265984,39.88229751586914,1065300,0.0,0
39.83480880407482,40.26222165434528,39.57836109391254,40.129249572753906,1609000,0.0,0
40.18624457015604,40.49018183276978,39.97823562651044,40.34770965576172,1693200,0.0,0
40.45218024669489,40.96032559024811,40.40469073876992,40.71812438964844,1640100,0.0,0
40.86059607227872,41.297505337370616,40.300211189411385,40.30970764160156,1391700,0.0,0
40.27171930394224,41.10754480164318,40.100754174135844,40.8510971069336,1135600,0.0,0
40.84160119309647,41.064805872354896,40.52816390991211,40.52816390991211,1338300,0.0,0
40.39519541735899,40.86060134551847,40.100758259641644,40.803611755371094,812700,0.0,0
40.70863140552747,41.03156515943369,40.51866973442661,40.76561737060547,901800,0.0,0
40.727630495025785,40.79411654060766,40.38570019019461,40.49967575073242,704000,0.0,0
40.5566611053827,40.5566611053827,39.94878668173278,39.97727966308594,640800,0.0,0
39.95828795776449,40.0295240429636,39.71134030205445,39.94879150390625,1003800,0.0,0
39.901292564538295,40.12924727939424,39.65434494472686,39.89179611206055,914700,0.0,0
39.96777871994542,40.1007507822771,39.4548833739087,40.0722541809082,1297300,0.0,0
40.01527110538365,40.366697813019705,39.606854814123956,39.64484786987305,816300,0.0,0
40.95557470060905,41.221522461248064,38.571566669478436,40.974571228027344,2956500,0.0,0
40.01527862267261,41.08855547508161,39.654351771686784,40.83211135864258,2618100,0.0,0
40.78462025865577,40.8511063104241,40.062770143791816,40.61365509033203,1236700,0.0,0
40.6326479618244,40.737127068966494,39.98108471319897,40.727630615234375,1170500,0.0,0
40.74662697585511,40.79411649075302,39.96778733723268,40.04376983642578,717600,0.0,0
40.06276275392776,40.214731361826274,39.7683219909668,39.7683219909668,531800,0.0,0
39.787314850767494,40.13874154477181,39.65909282160953,40.11024856567383,508300,0.0,0
40.14824459844793,40.309709656271245,39.88230044522488,40.252723693847656,812900,0.0,0
40.16724680011749,40.262225833049655,39.901298986115286,40.081764221191406,526300,0.0,0
40.18624073894497,40.594657075998605,39.91079648870553,40.4616813659668,415600,0.0,0
40.43318126798527,40.43318126798527,39.92978599270349,40.13874053955078,679600,0.0,0
40.39519183457959,40.56615696664064,40.081758174612546,40.52816390991211,555600,0.0,0
40.689643164365,40.775125752611885,40.157751101582434,40.32871627807617,840100,0.0,0
40.38403472161177,40.43173542650582,40.0310414988688,40.29817199707031,901200,0.188,0
40.202776061095406,40.88013568639357,40.19323737368658,40.67979049682617,991400,0.0,0
40.63209199123985,40.679792709541246,39.639901037511635,39.83070755004883,1186100,0.0,0
39.93564574754282,40.040589496777436,39.449089026424346,39.87840270996094,1440300,0.0,0
39.76392050600086,40.08829044219432,39.029317896405935,39.48725128173828,1039700,0.0,0
39.2773560978269,39.53494425905638,38.95298986442346,39.01977157592773,800600,0.0,0
39.28691504504817,39.49680259248669,38.87668227832665,39.36323547363281,959100,0.0,0
39.28690685336185,39.7209880712984,39.28690685336185,39.65897750854492,595200,0.0,0
39.515873769224356,39.70668026974201,39.22966583811353,39.66852188110352,739200,0.0,0
39.706682770999926,39.97381334428461,39.41093613393221,39.83070755004883,715000,0.0,0
39.76391744889438,40.5176010131836,39.73529775180239,40.5176010131836,1017200,0.0,0
40.38404598850784,40.54622915826175,39.99289063698753,40.2600212097168,1006900,0.0,0
40.13599643092576,40.42220437947071,40.13599643092576,40.2600212097168,523100,0.0,0
40.202779120851886,40.985082563843434,40.202779120851886,40.95646286010742,601600,0.0,0
41.24265823392314,42.463813745220406,41.118633490016244,42.42565536499024,1805900,0.0,0
42.425665463439984,42.654630356642784,42.00589042701593,42.13945388793945,1248000,0.0,0
42.024968623896534,42.18715541509559,41.710141007016546,41.92002487182617,2490800,0.0,0
42.37796017680452,42.77865419010206,42.02497051792977,42.33980178833008,740200,0.0,0
42.454285073735406,42.692792293250776,42.25393988278203,42.530609130859375,531800,0.0,0
42.46382227631753,42.67370978673765,42.12991363640482,42.187156677246094,650800,0.0,0
42.62600478207392,43.417846751024506,42.35887789702999,43.39876937866211,1182000,0.0,0
43.48463647436725,43.809002787703285,43.312910991229785,43.5323371887207,561400,0.0,0
43.456011296868326,43.70406082394818,43.22704642192036,43.56095504760742,434200,0.0,0
43.408310686407575,44.19061401642272,43.322447948267815,44.047508239746094,756900,0.0,0
44.18108019301936,44.66763333648265,44.18108019301936,44.27648162841797,879700,0.0,0
44.343261297142384,45.2209697471496,44.20015915070504,45.14464569091797,740500,0.0,0
45.3736068680553,45.783839505498975,44.83934947899755,45.201881408691406,634100,0.0,0
44.98246194531718,45.278208561039584,44.27647899168284,44.562686920166016,653600,0.0,0
44.505447314329594,44.557919192233285,43.82808406484504,44.5245246887207,568100,0.0,0
44.61038847609004,45.03970219657454,44.195388245731145,44.75349426269531,691100,0.0,0
44.743948146445504,44.753486832280856,44.34325419407669,44.36233520507813,374000,0.0,0
44.43866299280232,44.61038482762048,43.74221877023557,43.91394424438477,862700,0.0,0
44.03797432828318,44.15245677843983,43.122107448366954,43.34153366088867,611500,0.0,0
43.50371329451063,44.114294804183814,43.379692166637604,43.86624526977539,592500,0.0,0
43.69452397248667,44.00935526415,43.37015399289332,43.494178771972656,760000,0.0,0
43.37015098215148,43.54187646762279,42.9885416228062,43.23658752441406,480300,0.0,0
43.10302496606777,43.188887710595054,41.87232684095388,42.99808120727539,1658200,0.0,0
42.89312427149621,43.55140632375488,42.89312427149621,43.45600128173828,906200,0.0,0
43.75175989683197,43.81854161946696,43.38922794586281,43.62773513793945,447500,0.0,0
43.79946289790249,44.05705111553571,43.475092954141886,43.713600158691406,812100,0.0,0
43.72314731493976,43.894869173000686,43.322453274580205,43.494178771972656,310800,0.0,0
43.44646845801685,43.627732603305084,43.22704229077402,43.46554946899414,2435400,0.0,0
43.5227917179855,43.63727779136033,42.98853793289341,43.25566482543945,483000,0.0,0
43.19841707016279,43.284279796149605,42.47335688130903,42.63554000854492,591400,0.0,0
42.79773717445581,43.6372836281789,42.59739197824859,43.2842903137207,663600,0.0,0
43.21750359748865,43.227045923444564,42.015428919546025,42.10129165649414,762100,0.0,0
42.25394533009735,42.46382923558347,41.939114012870434,42.015438079833984,652600,0.0,0
41.996348687786295,42.12991213900421,41.328527792365634,41.84370422363281,618100,0.0,0
41.66243590459706,42.04404887992165,41.27128424258832,41.28082656860352,820600,0.0,0
41.147259726081046,41.25220346760831,40.779956630735605,40.927833557128906,726300,0.0,0
41.03277815983937,41.40485245860845,40.794270953601604,41.1186408996582,516800,0.0,0
41.21404463258446,41.27128403105805,40.62254779926091,40.77519226074219,1034900,0.0,0
40.841972569521424,41.79600133054367,40.622546391206015,41.77692031860352,1129600,0.0,0
41.97726058959961,42.48289460938857,41.738753427158706,41.97726058959961,931900,0.0,0
42.00588507882457,42.15852953463553,41.48116998943261,41.75783920288086,696700,0.0,0
41.78645462409717,42.06312380922758,41.60041932634788,41.64335250854492,358100,0.0,0
41.662435103147345,42.148991819292974,41.40485053498903,41.96772766113281,512500,0.0,0
41.99634790696521,42.30163682959607,41.83893228267183,42.10129165649414,568800,0.0,0
42.1680763025356,42.52106596141034,42.02497051792977,42.33980178833008,592600,0.0,0
42.39703685128769,42.46381857344682,42.18715299850079,42.24439239501953,470100,0.0,0
42.263476394122705,43.122103795900095,42.234856693840506,42.931297302246094,1989000,0.0,0
42.75003402619641,43.179344096704575,42.41612174550745,42.69279098510742,961900,0.0,0
45.201885861921156,47.644197276899675,42.950377296739546,43.58003616333008,3175200,0.0,0
43.41784733495553,43.89486171570989,42.14899097460103,42.24439239501953,1260000,0.0,0
42.25393690341989,42.492444106117894,41.710140772414896,41.84370422363281,1866100,0.0,0
41.68151342500153,42.14994260329547,41.59565069471408,41.80553817749024,951100,0.0,0
41.64335948485061,42.120373895264336,41.636681312219466,41.95818710327149,1196700,0.0,0
42.17762126313379,42.22532198532011,41.89141329068412,42.015438079833984,1093500,0.0,0
42.02309068321739,42.2817831949187,41.438637636958845,41.92727661132813,1002600,0.188,0
41.90812680014146,41.90812680014146,41.314090386718384,41.40990447998047,691500,0.0,0
41.59194013988397,41.79314422607422,41.10330112271718,41.79314422607422,441600,0.0,0
41.79314404052569,42.26262389448536,41.591939955228725,42.023094177246094,555500,0.0,0
41.90812224717982,41.92728140881682,41.4003167453944,41.73566055297852,789300,0.0,0
41.63027078456,41.975194205236335,41.199116508714575,41.6877555847168,690700,0.0,0
41.611102251233966,42.521315896355965,41.46738296071293,42.48299026489258,620000,0.0,0
42.47340725735583,42.93330383300781,42.23387756243711,42.93330383300781,452800,0.0,0
42.990788620631115,43.17283352792653,42.82311856517464,42.93330383300781,690800,0.0,0
43.01953680439746,43.191998485692714,42.82791230796571,43.1345100402832,439800,0.0,0
43.220736431135684,43.66147016909964,43.03869153354799,43.46026611328125,523200,0.0,0
43.39320483787743,43.977657937924526,43.23032272814184,43.46985244750977,729800,0.0,0
43.31655787155475,43.412371961769495,42.98121769313769,43.3740463256836,755600,0.0,0
43.249486797963236,43.671061455428465,43.12876434221283,43.54650497436523,697200,0.0,0
43.59440469292982,44.04472169120461,43.48901104184992,43.747703552246094,858600,0.0,0
43.66148217058269,43.82436429977913,43.14409703774773,43.68064498901367,709100,0.0,0
43.69980577328629,43.69980577328629,42.93809930957989,43.11535263061523,1029500,0.0,0
43.17284171186098,43.33572018091341,42.9333119715365,43.15367889404297,983000,0.0,0
43.29738833658595,43.29738833658595,42.84707497470423,43.00037384033203,981200,0.0,0
42.90455967302341,43.26864584870908,42.85665446291738,43.18241500854492,975900,0.0,0
43.220743965187246,43.34530044499629,42.808752547685685,43.278228759765625,731800,0.0,0
43.22074573574965,43.795615634684545,43.12493164930472,43.57524871826172,652000,0.0,0
43.80519222336317,44.21718359522255,43.642310128590964,44.06388473510742,545600,0.0,0
44.121374412283366,44.29383610588953,43.65189820019267,43.82435989379883,1071500,0.0,0
43.8243631606685,43.886639577750046,43.13451633481949,43.42195129394531,730500,0.0,0
43.48901870015703,43.671063640419284,43.15367852851672,43.38362503051758,721100,0.0,0
43.3165593369829,43.977663789561895,43.038703948360826,43.53692626953125,631400,0.0,0
43.7572932349187,44.198030755280115,43.57525193961622,43.718971252441406,567100,0.0,0
43.75728627866129,44.08304683500161,43.60398740832076,44.07346725463867,714000,0.0,0
44.11179809951082,44.78727007039921,44.11179809951082,44.60043716430664,848300,0.0,0
44.54294909899089,44.6004338936138,44.08304881240645,44.14053726196289,636300,0.0,0
44.226769013220654,44.56210917182339,44.18844337939932,44.44713592529297,1962700,0.0,0
44.36089865397998,44.50461793253517,43.9489072873837,44.34173583984375,583100,0.0,0
44.351325495673215,44.48546155911431,44.06389055188036,44.44713592529297,666400,0.0,0
44.42796753795373,44.76331130944428,44.24592628252729,44.69624328613281,815700,0.0,0
44.76330996441041,44.787260740625904,43.91058484655842,43.93932723999024,284600,0.0,0
44.054300956950016,44.20759981517389,43.43152594444874,43.47943115234375,380800,0.0,0
43.46027368908658,43.69022017726718,43.13451311838614,43.278228759765625,857600,0.0,0
43.36445734491485,43.901005214242055,43.27822650261106,43.62314987182617,598000,0.0,0
43.910593230458815,44.30342185373991,43.718968709482574,44.11179733276367,686400,0.0,0
44.05430359948357,44.677082304274386,43.95370156038965,44.62917709350586,685700,0.0,0
44.514201830738536,45.17530619031063,44.514201830738536,44.92619323730469,910200,0.0,0
44.83996349399024,46.152585354972494,44.726905435294626,45.5489730834961,1324700,0.0,0
45.54896456372299,45.6160325813422,44.99325395495488,45.1944580078125,1275800,0.0,0
46.6316394882069,46.80410116181511,44.36089899227644,46.382530212402344,2031300,0.0,0
46.7945300446231,47.0819650009731,46.50709508827307,46.55500030517578,905800,0.0,0
46.554991237602145,47.0723762512207,46.554991237602145,47.0723762512207,760100,0.0,0
47.081964792791396,47.14903282714538,46.669973350369034,46.784950256347656,545200,0.0,0
47.03405404528615,47.17777333339236,46.80410391530287,46.98614883422852,781700,0.0,0
46.995724675399984,47.666408541645914,46.89991426090757,47.30232238769531,739300,0.0,0
47.292743042760655,47.64341559422411,46.94781970098453,47.61850357055664,504700,0.0,0
47.8005511608161,47.944270457262185,47.53323663196527,47.90594482421875,534800,0.0,0
47.90593884940028,48.69159595413579,47.90593884940028,48.5670394897461,665600,0.0,0
48.43290321597161,48.48080842360712,47.81970778639785,48.11672592163086,1048600,0.0,0
48.27003174240731,48.447281401721824,48.11673286289914,48.4424934387207,763000,0.0,0
48.35626055701415,48.55746464260725,48.03049999489195,48.19337844848633,487800,0.0,0
48.29877230941358,48.65136008441112,48.12631061963722,48.509559631347656,501300,0.0,0
48.49039796906127,48.940715020295954,48.404167122121294,48.76825332641602,710000,0.0,0
48.53829860415842,49.05568363699165,48.33709453192323,48.595787048339844,409700,0.0,0
48.91196467915851,49.01735833339182,48.24224202641877,48.49997329711914,596400,0.0,0
48.528720938928565,48.796993045826646,48.452069676995784,48.480812072753906,298900,0.0,0
48.49039291462054,48.73950219374014,47.9825911216461,48.69159698486328,374500,0.0,0
48.57662489055882,48.83531741047397,48.15505027072675,48.27002716064453,475500,0.0,0
48.413743303917215,49.4006081840413,48.29014808010513,48.8544807434082,478900,0.0,0
48.88322453315669,49.79343817848747,48.88322453315669,49.19940185546875,650400,0.0,0
49.13977883701876,49.870626938882026,48.94745386445193,49.81292724609375,996700,0.188,0
49.745619987895786,50.418768494614646,49.485976835231476,50.12065887451172,660600,0.0,0
50.38991536700728,50.45722984401482,49.73600016033646,50.06295776367188,446600,0.0,0
50.187974444910935,50.341836649632256,49.47636312371141,49.678306579589844,435800,0.0,0
49.74561285157358,50.399528030764856,49.687913158693036,50.38029479980469,465000,0.0,0
50.19758037397821,50.43799023815592,49.59174648910863,49.63982772827149,415200,0.0,0
49.38979945195552,50.23604313877818,48.65895146431132,49.96678161621094,733100,0.0,0
49.88986332509593,50.82265123980304,49.81293039651261,50.75533676147461,747900,0.0,0
50.688022792722464,51.93815354785764,50.466846123367795,51.34193801879883,809600,0.0,0
51.24577805985332,51.24577805985332,50.67841051706183,50.71687698364258,1070200,0.0,0
50.947655984685014,51.9573766410866,50.947655984685014,51.39962768554688,1499100,0.0,0
51.16884231567383,51.923729256120694,51.12076106927137,51.16884231567383,853000,0.0,0
51.16884175078603,51.84199019808098,51.16884175078603,51.63042831420898,617700,0.0,0
51.668894123171455,52.12567512407072,51.572731632647326,51.67851257324219,726500,0.0,0
51.6785107586653,52.188178543602255,51.418867641330316,52.1689453125,541100,0.0,0
52.3131988837501,52.55360879834754,52.1016369850278,52.3516616821289,130900,0.0,0
52.3420433212501,52.39012456720968,51.909304770886145,51.9573860168457,997500,0.0,0
52.00547093116921,52.36127655330672,51.65928009087802,51.9573860168457,2590800,0.0,0
51.90929921320692,52.28433802724746,51.4380979175429,51.88045120239258,1096900,0.0,0
51.87083461590078,52.394930064150635,51.688124426909596,52.284339904785156,2492700,0.0,0
52.409355743114965,52.82286104519948,51.79390701490468,52.75554656982422,1410000,0.0,0
52.89979044708726,53.04211562543986,52.52475160657855,52.84209442138672,795300,0.0,0
52.986342091781594,52.986342091781594,52.35166008336145,52.36127853393555,666000,0.0,0
52.36127853393555,52.794017100668384,52.27473082058898,52.36127853393555,559600,0.0,0
52.16894850623517,53.044040398960036,52.167026283516385,52.87094497680664,1004800,0.0,0
52.93826045878117,54.25570571381293,52.84209796392433,54.04414749145508,1608000,0.0,0
53.996062644948175,55.0057834470988,53.94797773236079,54.69805908203125,1390400,0.0,0
54.79423231093266,54.85193201632922,53.51525335574069,53.61141586303711,672700,0.0,0
53.755654838515966,53.92875025911943,53.563326185804996,53.65948867797852,923600,0.0,0
53.57294262664431,53.80373775071718,53.28445147282627,53.32291793823242,493700,0.0,0
53.197895354559314,53.61140062143137,53.08249964493748,53.37099075317383,2592300,0.0,0
53.51523699941576,54.33262906670221,53.399837623893156,53.96720504760742,1000100,0.0,0
54.169155501792964,54.51534264487938,53.621017604754684,53.70756530761719,787900,0.0,0
53.88066180933821,53.92874672063384,53.23636508364994,53.83258056640625,1110100,0.0,0
53.89028498760648,54.09222842665864,53.17867005733561,53.30368423461914,776200,0.0,0
53.544089618890936,53.8421991954444,53.255598491974105,53.67871856689453,835800,0.0,0
53.66910065317018,53.717181893456065,52.995952284077475,53.06326675415039,492000,0.0,0
53.207516663652584,53.592170272522964,53.08250249829697,53.33252716064453,571100,0.0,0
53.496013116303956,53.91913322871881,53.294066008039465,53.71718978881836,668100,0.0,0
53.77488584887978,55.30389299310029,53.67872335411935,54.2845573425293,1163400,0.0,0
54.3230104312873,54.59226828500567,53.05364306916161,53.2459716796875,938900,0.0,0
53.467158392622565,54.2749357746516,53.101737998830345,53.90951538085938,1631600,0.0,0
53.419080515643856,55.765483551935695,51.159228860831156,55.02502059936523,3492400,0.0,0
55.04425325478012,55.775097749136926,54.56343344659791,55.48660659790039,2317200,0.0,0
55.60200653689728,56.438632039371655,55.09233867549031,56.3136215209961,958600,0.0,0
56.24631439506444,56.44825787581276,55.75587603511592,55.8135757446289,891700,0.0,0
56.025120484909145,56.21264357846685,55.36159049332819,55.65008163452149,997800,0.0,0
55.794326309533695,56.00588818129447,55.32312132289296,55.77509307861328,1429700,0.0,0
55.76547699946392,56.19821184582876,55.40966773826293,56.044349670410156,1095800,0.0,0
56.159750766381855,56.823280730297185,56.1068602980592,56.275146484375,1013600,0.0,0
56.48670793156969,57.34256653126014,56.25591282896059,57.06369018554688,680100,0.0,0
57.09254064114037,57.24640282667674,56.379968297338785,56.76558303833008,1657000,0.0,0
56.909832456957744,57.967634561424205,56.909832456957744,57.73684310913086,976700,0.0,0
57.95801798376254,58.51576703316146,57.736841320348844,57.98686599731445,794100,0.0,0
57.85223751345964,58.3330573078429,57.55412792033101,58.00609970092773,577400,0.0,0
58.083031913370775,58.41960429794755,57.506045966199885,57.57336044311523,828300,0.0,0
57.76568822620494,58.140727068643685,56.64057169888875,56.967529296875,704600,0.0,0
56.9579082483181,57.563742172197536,56.54440296183762,57.50604248046875,445000,0.0,0
57.20793761625536,57.91954881868053,56.813665553191754,56.823280334472656,709100,0.0,0
56.419393615890094,56.8280933809051,55.8135633086321,56.01550674438477,950300,0.0,0
56.217444725328285,56.871359883865786,55.957801618112185,56.3520736694336,861000,0.0,0
56.343404445188725,56.729315955966165,55.00235118018404,55.37862014770508,1690200,0.191,0
55.13741151037932,55.619803549209024,54.24498329425701,54.79008865356445,1788400,0.0,0
54.74185308138453,55.50402974597866,54.19192274209903,54.35593795776367,2142200,0.0,0
53.27538420579857,54.741856617791,52.42637308720093,53.83495712280274,2049700,0.0,0
53.70952941966639,55.214593950101964,53.56288550369918,54.9251594543457,1652700,0.0,0
55.118114603790175,55.47508367695,52.764039132329756,52.80263137817383,1622100,0.0,0
53.14031360792262,53.608230836737526,51.056376277077476,52.54214477539063,1810400,0.0,0
52.85087780247258,53.51175631070671,52.436020298086135,53.14031600952149,1267300,0.0,0
53.02453127075037,53.13065810664103,52.3105931244373,52.61932373046875,1404800,0.0,0
52.416721921050794,52.8991139710644,52.03080680889621,52.32989120483398,1668100,0.0,0
52.542147569303104,53.44904708862304,51.97292473411539,53.44904708862305,3528800,0.0,0
53.1306653661041,53.88319586108223,52.918411665321685,53.62270736694336,1263800,0.0,0
53.33326998872501,53.613058293108786,52.32989720669025,52.378135681152344,1143100,0.0,0
52.50354846841535,53.024532760869036,51.587006526204426,51.62559509277344,877100,0.0,0
51.63524730755882,52.35883540825832,51.413347398320774,51.85714721679688,1400100,0.0,0
52.07904845969475,52.82193270374674,51.43264483975571,52.78334045410156,707000,0.0,0
53.005240954795724,53.130663927348884,52.43601814749693,52.696510314941406,623700,0.0,0
52.696505457220155,52.97629372390876,52.47460556030274,52.47460556030274,530100,0.0,0
52.6579265698556,52.891401239353705,52.17553444084054,52.1851806640625,941000,0.0,0
52.17552944232077,53.17890217747347,52.08869872020222,52.54214477539063,776000,0.0,0
52.32023653669775,53.477978087337284,52.1369288993204,53.42008972167969,731200,0.0,0
53.265736360534866,53.960382182617884,53.07277877880517,53.91214370727539,1070700,0.0,0
53.8831890327109,54.83832688483181,53.6468179652045,54.81903076171875,784800,0.0,0
54.32699966430664,54.645376536738674,53.89284603793602,54.32699966430664,872200,0.0,0
54.37522808537393,54.896212340699094,54.19191676570825,54.67430877685547,846300,0.0,0
54.98305035951667,55.36896181152319,54.664669823260816,55.31107711791992,966600,0.0,0
55.43649929375802,55.639103092636326,54.84798034242228,55.2435417175293,798000,0.0,0
55.30142256127506,55.561914701645314,54.375230737975855,54.48135757446289,391700,0.0,0
54.75149849983361,54.91551003273201,53.93143347462301,54.10509490966797,468300,0.0,0
54.24016572408805,54.64537329777657,53.3429161762241,53.661293029785156,502200,0.0,0
53.75777469668418,54.269109124946404,53.28502883783757,53.69988632202149,1027100,0.0,0
53.564817146371965,53.89284390885307,53.24643660615818,53.516578674316406,976200,0.0,0
53.70953230537405,53.98932059445993,53.55516698731967,53.72882843017578,422400,0.0,0
53.57445769067058,53.73364794390606,52.657915777674134,53.41044616699219,769300,0.0,0
53.0631284150905,53.806012654544894,52.648270934871036,52.657920837402344,636900,0.0,0
52.821929346865254,53.02453312408754,52.13693352081312,52.14657974243164,806600,0.0,0
52.60968417229262,54.616437186399104,52.56627064745236,54.44277572631836,1135000,0.0,0
55.29177288736927,55.51367276782288,53.806004630044434,54.02790451049805,1010600,0.0,0
53.99897482187064,54.568197667853156,53.82531336510582,54.40418243408203,832600,0.0,0
54.761151003648976,56.439877174875356,54.761151003648976,56.16973876953125,1344500,0.0,0
56.43987427461958,56.82578941701721,55.42685162627525,56.02501678466797,1876100,0.0,0
56.38198788514821,57.404660472272795,55.55227655637884,57.04769134521485,1578900,0.0,0
56.66177044185052,57.56866618197283,56.19867450985024,57.337120056152344,1883600,0.0,0
59.8166093169216,60.622203091371404,57.94492964064392,59.3052749633789,3817100,0.0,0
59.141270331208524,60.3569004761377,58.793947432657326,59.60436630249024,1652400,0.0,0
59.99027437696313,60.84893161913582,59.604359272895785,60.09640121459961,1087700,0.0,0
60.7814001416409,61.71724192471133,60.18323501201744,61.52428436279297,1306900,0.0,0
61.099779397716,61.62076001957262,61.05153724797211,61.51463317871094,1569100,0.0,0
61.59181418758968,61.83300652085986,60.85857992551463,61.090126037597656,1163700,0.0,0
61.38921930494639,61.987384474825326,60.79105045470782,61.86196517944336,1476700,0.0,0
61.987381782991655,62.6627277452892,61.6207627746305,62.45048141479492,1246900,0.0,0
62.566248229669256,63.24160152491723,62.18998301461453,63.193359375,2760600,0.0,0
63.193364470873966,63.6468142180747,62.67238012477435,63.2030143737793,1868200,0.0,0
63.16441737995322,63.29948656760885,62.450479193670866,62.95216369628906,685500,0.0,0
62.95216935224621,63.26090000329971,62.305765701715316,63.05829620361328,2933100,0.0,0
63.32842129781296,63.772221055414505,63.15475988303688,63.34772109985352,537000,0.0,0
63.714344158460214,63.80117119610213,62.74956003860598,63.135475158691406,665200,0.0,0
63.029351845259036,63.637163224935954,62.75921345429153,63.53103637695313,814300,0.0,0
63.714339204235856,64.39933499278304,63.29948177052779,64.07131195068361,1045900,0.0,0
64.19674506219206,64.49582582511854,64.00378379520747,64.24497985839844,474200,0.0,0
64.22568314725046,64.31251755180736,62.97146075765432,63.01970291137695,810100,0.0,0
62.73992205627433,62.855698822511826,62.18999529790637,62.68203735351562,945900,0.0,0
62.624140176268405,62.95216324085358,61.7461831021399,61.88125228881836,878600,0.0,0
62.03705088135889,62.23058107533948,61.41290603912153,61.96931457519531,721600,0.191,0
61.87254581067043,63.52725702411538,61.79513447131877,62.98535919189453,700300,0.0,0
63.25630955717272,64.20461781021405,62.77634524306823,64.06914520263672,961600,0.0,0
63.93367391033527,64.58200817175084,63.730464994788754,64.50460052490234,557300,0.0,0
64.59168528394288,66.10124140901264,64.51427025632306,65.54000091552734,1146700,0.0,0
66.07220815598926,66.139944454905,65.53031776466325,65.83029174804689,841400,0.0,0
65.97545986552609,66.47864287375836,65.54968451668779,65.73354339599611,730800,0.0,0
65.898030992726,66.19801237222222,65.29323994583478,65.43355560302734,693700,0.0,0
65.07553310552072,65.54001599540761,64.83361662557455,65.13359069824219,831100,0.0,0
65.10455067876471,65.12874379912978,64.6110390775916,64.96907806396484,603200,0.0,0
64.99811195372777,65.12391323641242,64.52395776473594,64.83361053466797,726600,0.0,0
64.51426382268954,64.93036032627201,64.39814867554267,64.63038635253906,581500,0.0,0
64.98842589940153,65.19163479154001,64.40782062734564,64.58200073242189,676000,0.0,0
64.13688466278029,64.16591345401783,62.09510934176467,62.93698120117188,1506600,0.0,0
62.73377292831333,63.217605807817144,62.73377292831333,63.05310440063477,547100,0.0,0
63.05309674611719,63.435321426134216,62.85955918818842,63.091796875,907000,0.0,0
63.024058934283296,63.93366697610536,62.8595575513546,63.31436157226562,1288600,0.0,0
62.87891356376582,63.217595045218246,62.09509941217296,62.47248840332031,806100,0.0,0
62.71441461387664,63.27566251820938,62.569270658190355,62.89827346801758,784400,0.0,0
62.89826456705728,62.956322141115855,61.688682556152344,61.688682556152344,740500,0.0,0
62.046727063957356,62.34670106714914,61.582244281647604,62.03704833984375,799300,0.0,0
62.24025420484264,63.169212341308594,62.09510288105354,63.169212341308594,741500,0.0,0
63.12083482913648,63.682075306229855,62.42411436631364,63.60466766357422,1382300,0.0,0
63.594994422623046,63.594994422623046,61.301623931890234,62.56927108764648,1178700,0.0,0
62.40476313311157,63.44984393141871,62.07576031662815,62.76280212402344,1227700,0.0,0
62.88859791223605,64.16882525098633,62.704746431534936,63.55628967285156,768200,0.0,0
63.5466094638118,63.79820463164307,63.246635437011726,63.24663543701172,554400,0.0,0
63.430483521296146,63.82722258134442,63.17888839620293,63.565956115722656,593100,0.0,0
63.67241242670245,63.95302901118953,63.21760832065821,63.22727966308594,1218500,0.0,0
63.411134309054795,63.88528845111861,63.06277405452117,63.720787048339844,513700,0.0,0
63.68207906983528,63.76917282418695,62.62732697212277,62.83053588867188,1262100,0.0,0
62.414439331156025,62.96600849970461,62.38541054060667,62.83053588867188,644400,0.0,0
62.77246532022927,64.49490877502551,62.433776480017045,64.23363494873047,1463000,0.0,0
64.47555121329117,65.41418795290461,64.00139717363669,65.29807281494139,2094000,0.0,0
65.42387236486142,65.71417500041956,65.01745458124219,65.11421966552734,2038400,0.0,0
65.36582605160271,65.94642404003768,64.89166450632564,65.68515014648439,1102700,0.0,0
65.85930977178774,66.15929108884559,65.38515575687273,65.94640350341797,805400,0.0,0
66.20768738417198,67.30115438250633,65.94642088581902,66.41089630126953,1033900,0.0,0
66.52701201204225,66.83666471809929,65.62708268151671,65.95609283447266,588600,0.0,0
66.00448185512421,66.74958863876562,65.8980380288897,66.49799346923828,606700,0.0,0
66.7495732795135,67.09792608747385,66.20767554809255,66.29476928710939,857500,0.0,0
65.9173967375023,65.99480439039317,65.43356383908973,65.79159545898439,763100,0.0,0
65.92706429375976,66.410897164386,65.74321282316029,66.15930938720703,514500,0.0,0
66.30445732075124,67.66886964148496,66.0625408709222,67.6204833984375,1000200,0.0,0
67.44630201355733,68.22043759179404,67.44630201355733,67.92046356201172,375100,0.0,0
67.9398000744602,68.74296428466685,67.76561997324312,68.10430145263672,832500,0.0,0
68.49138601380322,68.71395240227308,67.7656366439773,68.00755310058594,1437100,0.0,0
67.93980872915631,68.36558400474826,67.53339090211134,67.93013000488281,447000,0.0,0
68.07528877627504,68.28817643733174,67.82369359659855,68.25914764404297,887500,0.0,0
68.28815973805663,68.98488013742738,68.23010216567657,68.55910491943361,674500,0.0,0
68.40429151913875,68.56879291827074,67.76079293496582,67.93013000488281,539700,0.0,0
67.93013932384741,68.62685991304863,67.84305294154952,68.44300842285156,498300,0.0,0
68.40429048123073,68.63652818134642,68.0172227259023,68.30751800537111,549500,0.0,0
68.20107391763707,68.5107266106116,67.58273566572184,68.10430145263672,944800,0.0,0
68.20107795947014,68.56878824707461,67.80433150102323,68.14301300048828,825900,0.0,0
68.23979066730583,68.38494201746204,66.58024732266843,66.78829193115234,1380400,0.0,0
66.64313325729562,67.30114616778704,65.88834787958564,66.13026428222656,2183000,0.0,0
66.41088794640223,69.00907512126938,65.89802635595737,68.13333892822266,1789700,0.0,0
68.62683742840365,68.72360250459907,66.04317224220543,67.78497314453125,1632400,0.0,0
67.87207072214015,68.2107522361821,67.49468169467863,67.54306793212889,834500,0.0,0
67.27211346657833,68.02689888320536,67.16567703601491,67.96883392333984,659300,0.0,0
68.07527879542064,68.23978018840816,67.79465486359905,67.99786376953125,656000,0.0,0
68.01722329690513,68.09463832516138,67.28179529387755,67.44629669189453,428900,0.0,0
67.16588102362188,68.65047672088119,66.99122227082722,68.43700408935547,460300,0.191,0
68.57284938052689,70.0380418488282,68.57284938052689,70.01863861083984,633400,0.0,0
70.19327948069683,71.01806133036246,69.69841925448468,70.42616271972656,924900,0.0,0
70.4649873589818,70.47468527651439,69.54317438704139,69.64020538330078,601200,0.0,0
69.6790098579461,69.79545147953573,68.99008025360047,69.29088592529297,301300,0.0,0
69.27148813030523,69.61110033583802,68.7086979594275,69.50436401367189,681500,0.0,0
69.37821386517231,70.21754263140335,68.84453233578279,68.98037719726561,399200,0.0,0
68.94156899988971,69.38791744830506,68.36907360969012,68.81542205810547,758800,0.0,0
69.00949816096694,69.90219514488228,68.85424264916065,69.57228088378906,604900,0.0,0
69.33938460501903,69.58196571855589,66.89417023788221,67.20467376708984,977000,0.0,0
67.23380340904953,67.68015190962872,64.47807724518132,64.61392211914061,1606200,0.0,0
64.16756136298395,64.16756136298395,61.149855049477104,63.64358520507813,1891500,0.0,0
63.82796138812604,64.04143401933563,63.2457680140029,63.682411193847656,1355900,0.0,0
63.68241166181354,64.14817080632889,63.07110972494067,63.30398559570313,1734800,0.0,0
63.38160752787174,64.28400977249578,63.080809247326975,64.21608734130861,1132700,0.0,0
63.905581116583726,65.380471305928,63.847364007382744,65.08937835693361,745600,0.0,0
64.92442881177378,65.38047519932141,64.74006475100585,65.04086303710939,1001600,0.0,0
65.44839522441504,66.42842520188469,65.35136423920775,66.09851837158203,878500,0.0,0
65.89476849336882,66.61280685722018,65.66188518374817,65.88506317138672,602000,0.0,0
66.18585215011241,66.34110766786623,65.62306200274062,65.72010040283203,373500,0.0,0
65.53572363762773,65.91414963514599,64.92442181155721,65.12818908691406,457400,0.0,0
65.20581700292102,65.71038999355584,64.84680160115123,65.59394836425781,462000,0.0,0
65.64246349207299,65.8753393332456,65.06027018764674,65.17670440673828,570000,0.0,0
64.84679506752113,65.5066160944165,64.56540004397863,65.30284881591797,549500,0.0,0
65.04086329445963,65.53573096306376,64.82739067651315,65.22522735595703,783300,0.0,0
65.03115841757564,65.24948739841062,64.73520908667771,64.8468017578125,377600,0.0,0
65.05056835688397,65.21358219474575,64.86620429611605,65.04086303710939,410100,0.0,0
64.74006440401028,65.39018016861593,64.51494688498349,65.13789367675781,390600,0.0,0
65.22523365601826,65.4678148538446,64.48778474178889,65.14760589599611,464100,0.0,0
65.12819361041774,65.77830935356582,64.63332596275758,65.35136413574219,508000,0.0,0
65.35137285926184,66.16644952909138,65.22523330215313,65.99179077148439,533600,0.0,0
66.04030056684404,66.04030056684404,64.70125506778005,64.71096038818361,602900,0.0,0
64.52658428655113,65.8200271236811,63.64358536919517,64.85649108886719,1182800,0.0,0
64.98264919689029,65.21552506227877,63.274875577064144,63.32339477539063,1646600,0.0,0
63.33307709729908,64.30340160097019,62.76058919356758,64.16755676269531,1029100,0.0,0
64.93412914187057,65.48721394174014,64.74977247724084,65.01175689697266,1450600,0.0,0
64.827384626021,65.21551594942667,63.91528452945529,64.45866394042969,1674600,0.0,0
64.48777274852371,65.14759378001915,64.27430014965911,65.10877990722656,700400,0.0,0
65.08937781575068,65.25433122577496,64.49747920049707,64.72064971923828,1040900,0.0,0
64.32281684813634,64.43925846200062,63.30397308504352,63.64358520507813,1582800,0.0,0
63.439836822081226,64.69155678260954,63.11963524384608,64.62363433837889,1398000,0.0,0
64.97294717714887,65.01176105718368,63.84737426810202,63.98321914672852,1468500,0.0,0
67.59281674008041,70.31942655967498,66.22465546925864,69.86337280273439,3305800,0.0,0
70.7754918589482,71.70700275987356,70.04774827356991,70.09626007080078,1437900,0.0,0
69.94101566856935,71.260658032353,69.6790238182496,71.0762939453125,1373800,0.0,0
71.26064966438231,72.60940043026731,71.10539415605506,72.4832534790039,1516300,0.0,0
72.15334960781634,72.86168253558672,71.17331952925373,71.79432678222656,1962400,0.0,0
71.90105902769632,73.56031338183665,71.63907461514366,72.40563201904297,1729400,0.0,0
72.42503955950673,72.61910155048567,70.8337075439102,71.04718017578125,4301600,0.0,0
70.82398931704249,70.92102029484977,69.7420794786626,69.98950958251953,1545100,0.0,0
70.50379838044222,71.01806930246411,69.95070617790148,70.79489135742188,1023100,0.0,0
70.89192780425566,71.47412860899054,70.34854828302656,71.00836944580078,601300,0.0,0
71.3479833102233,73.1042688772843,71.1539213061138,73.03634643554688,972800,0.0,0
72.89079810889156,73.99211137337015,72.28919409696779,73.8514175415039,893200,0.0,0
73.85140058056051,74.50151623903145,72.79374299316291,73.4050521850586,694000,0.0,0
74.08429500443012,74.5597520707894,73.7349774935974,74.29776763916016,757300,0.0,0
74.67618587011775,75.39422405457367,74.16191497842676,74.86054992675781,720800,0.0,0
74.30746896427071,76.02494046435865,73.57002010294376,75.84058380126953,869000,0.0,0
75.9279075085786,77.59686717120084,75.762954086875,76.70417022705078,1673300,0.0,0
75.81146892434968,76.41307292547435,75.0546168150901,75.73384857177734,1289400,0.0,0
75.20987091581148,75.55918840630216,74.42390286071243,74.7247085571289,972800,0.0,0
75.39421992663299,76.61683101927262,74.43360062676794,74.9090576171875,1351000,0.0,0
75.03521434909334,76.34709085843069,73.77378921869914,74.51123809814453,1541800,0.0,0
74.54034482464073,76.71387012840468,73.9678567922748,75.84058380126953,1343400,0.0,0
76.02636268739606,76.07499331604511,74.43112519254315,75.12174987792969,934900,0.191,0
75.33574173941355,76.09445527944806,74.21714075037355,74.87857818603516,1008800,0.0,0
74.92720698002158,76.55648521369794,74.90775621229879,76.48352813720703,1032700,0.0,0
76.49327395927595,78.23441118564287,76.48354486272467,78.06905364990234,1220100,0.0,0
78.20521534141885,79.40163423340425,78.20521534141885,78.60401916503906,832900,0.0,0
78.39975956478303,79.61563675226766,78.13713335758153,79.45027923583984,1323800,0.0,0
79.275196560168,79.79559558439045,78.92502331909559,79.78099822998047,901200,0.0,0
79.76154268699216,80.54942872170112,79.10010520688915,79.89772033691406,1195000,0.0,0
79.92689585533714,81.18168192234732,79.50863383300042,81.0746841430664,1127300,0.0,0
81.06496195757374,81.57077103385346,80.44243341840301,80.72451782226562,1483800,0.0,0
79.66426230391008,80.51050794405022,78.35111663176649,79.9657974243164,1196800,0.0,0
79.95608618829246,81.35677917601761,79.81990852794429,80.39380645751953,1079300,0.0,0
80.13116048207209,80.8120561001703,78.4289325685138,78.60401916503906,1469300,0.0,0
78.30250393704216,78.565130188057,77.64106633985934,78.39977264404297,1087000,0.0,0
78.45813112647372,79.79072784934516,78.44840203051183,79.55728149414062,676300,0.0,0
79.16819977460801,79.81990820666914,78.45813160866855,78.93475341796875,480000,0.0,0
79.50864502837806,79.60591372656819,77.79669516107887,78.1760482788086,1703500,0.0,0
76.2208998567623,77.41731869855356,75.08284073765611,75.43301391601562,3391800,0.0,0
75.38438246086274,76.09445797385365,74.06150754269824,74.99530029296875,2684600,0.0,0
75.18984434086617,76.61970960540644,74.56731584686734,74.64512634277344,2621800,0.0,0
74.80075357146612,75.53027976217396,73.75996316956794,74.60620880126953,39405400,0.0,0
75.21903579254284,75.28712462515341,72.60246544298793,73.51680755615234,3214500,0.0,0
73.78917027520916,74.77160131935635,73.24445955978193,73.42926788330078,3021000,0.0,0
73.43896515024595,74.2171293388305,70.98776057211495,72.10636138916016,2525500,0.0,0
72.27174106197182,72.48572920750759,71.19204155463699,71.44493865966797,1580800,0.0,0
71.62975265878512,71.62975265878512,70.31660684682815,71.36712646484375,2327900,0.0,0
71.88265313176616,73.72105864922442,71.65892848786598,73.11798095703125,1820500,0.0,0
73.54598130797076,75.09549748117121,73.53625221237087,74.3046875,1750700,0.0,0
74.26577445139462,75.74428521393253,74.11014603598942,75.56919860839844,1376300,0.0,0
75.35520960577237,75.59838505568328,73.4389858730943,73.75997924804688,1780300,0.0,0
73.63351997717562,74.60622173339259,73.1520373573685,73.38062286376953,2019200,0.0,0
73.88642304173554,74.40682203309849,72.98181012960602,73.5654296875,1660400,0.0,0
73.91560335408374,75.24820741326404,72.68027540607926,72.94290161132812,1771900,0.0,0
72.70945475815911,73.341712370716,70.72514232639806,71.39630889892578,1965600,0.0,0
71.73674229407813,73.15688572556836,71.28930045301607,71.59083557128906,2323600,0.0,0
71.57139597108284,72.39819096771551,68.97428410051752,69.57735443115234,548400,0.0,0
69.93725377717668,71.63948175370889,69.70380744688157,71.36712646484375,2635100,0.0,0
70.80296596409363,71.72702971936741,69.61626856308878,71.7173080444336,1473700,0.0,0
72.0480202344245,72.45655319917769,70.93914080373698,71.60057830810547,823000,0.0,0
71.60057897566095,71.73675663184832,70.71541678931749,71.55194091796875,849600,0.0,0
71.23095364171043,72.06747033364839,70.19988472262898,71.64921569824219,2203800,0.0,0
71.14339848645473,71.8631956335782,70.78349620233065,70.9877700805664,2178800,0.0,0
73.04990740316114,74.78131550765244,72.6219236358059,73.51680755615234,2716400,0.0,0
73.5265255339143,73.5265255339143,67.94321927724354,68.62411499023439,3497900,0.0,0
68.68248302596379,69.65518494399628,67.90431852308713,68.97429656982422,2914300,0.0,0
69.21746546441156,69.26609610301075,67.76813440121232,67.8167724609375,1763500,0.0,0
67.8167642491414,67.98212175838262,67.01914914566163,67.95294189453125,1403300,0.0,0
67.95294623620431,67.95294623620431,67.11642212043351,67.57359313964844,968000,0.0,0
67.56386554768588,67.56386554768588,64.07186967830862,65.79354858398439,1960700,0.0,0
65.80327263411871,67.2525961144201,65.58927706901545,67.01914978027344,1738800,0.0,0
67.3304282367038,69.1688342758253,67.3206991395671,68.26422119140625,1986100,0.0,0
68.08912079569528,69.30499795276125,68.01130287657298,68.96455383300781,1487100,0.0,0
69.18826666346986,69.8010734610861,68.75055388327948,68.94509124755861,1927600,0.0,0
68.95482694425097,69.5189957442519,68.41011633521583,68.81864929199219,1429000,0.0,0
69.9761706964205,71.59085184457928,69.62599745057867,70.7446060180664,1791300,0.0,0
70.02479434255612,70.52087429482094,68.90618588675807,69.41199493408203,1286100,0.0,0
69.81081188348449,70.03453658509366,68.57548373957088,69.15910339355469,1437900,0.0,0
68.70192035998711,69.56762430400228,68.2155694961078,69.45090484619139,2788400,0.0,0
69.38280974150658,70.77377338313529,69.38280974150658,70.46250915527344,1236200,0.0,0
70.72513475879295,71.00721912255449,70.28742199292564,70.59868621826172,846500,0.0,0
70.36460212850037,70.66697051019993,69.3209355989616,70.52066802978516,1343600,0.2,0
70.69622751865704,70.76450447950594,69.84276178723047,70.61819458007812,1837400,0.0,0
70.38410837439234,70.54992279982561,69.09658711818723,69.54527282714844,1440300,0.0,0
69.63305995910196,70.23780416412592,69.42822904489185,69.87690734863281,945500,0.0,0
69.72084506478514,69.86714753717355,68.99905147338939,69.55502319335939,782900,0.0,0
69.20388227708183,69.61355152407567,68.50160808573096,68.87225341796875,1310700,0.0,0
68.56013108209393,68.88201141357422,68.28702320385544,68.88201141357422,1095300,0.0,0
69.11609566112058,69.25264958610074,68.09193378213861,68.65766143798828,1202700,0.0,0
68.60888669372964,69.02830443259839,67.30186847219431,67.32137298583984,1521300,0.0,0
67.51647191452783,67.77982384239745,66.6873922107814,66.87271118164061,2659200,0.0,0
66.64837997165398,67.80908865407652,66.24846662276224,67.27262878417969,2305400,0.0,0
67.80906494186314,68.1699616835656,67.30186574966125,67.79931640625,1393100,0.0,0
67.75056173738484,68.70644683401474,67.69204074183091,68.56989288330078,1552100,0.0,0
68.44307835074957,68.68692572190797,68.1504659703382,68.33578491210939,1480300,0.0,0
68.27726172895743,69.24289520403889,68.17972427195656,69.23314666748047,990100,0.0,0
68.32603893480065,69.11610206562848,67.93588163800528,68.76496124267578,962100,0.0,0
69.05758100557665,69.21363945915749,67.56522878872693,67.77981567382811,1164700,0.0,0
68.05291885787038,68.32603415566585,67.23359528937684,67.30187225341797,1826300,0.0,0
67.14581830538862,67.41405194095907,66.17042867904678,67.39942169189453,1306900,0.0,0
67.49695459990542,67.94564034630464,66.95073882742885,67.604248046875,1265700,0.0,0
67.97488743499845,69.2233846353364,67.41891579292201,69.20387268066406,1156800,0.0,0
69.1843826190252,69.1941385983992,68.28702599904403,69.04782867431639,2055500,0.0,0
68.98931171519857,69.40872955322266,68.69961641141687,69.40872955322266,1255300,0.0,0
69.49650363585964,69.98419839821653,68.67718000708314,68.80397796630861,1349400,0.0,0
68.81373571326806,69.4526146777095,68.45283890086395,68.77471923828125,1737100,0.0,0
68.72594777875834,68.72594777875834,68.07731282577507,68.28702545166016,1011200,0.0,0
68.23824644348056,68.72594117858975,67.88710563887147,68.48209381103516,1504200,0.0,0
68.69668731449308,68.74057805889697,67.88711219009498,67.98464965820311,1347900,0.0,0
67.99438737241822,68.2870071397691,67.69201907001751,68.12118530273439,1163900,0.0,0
68.25775834603554,68.25775834603554,66.45328187425856,66.51181030273439,1990000,0.0,0
66.36549285831376,67.85783738644976,66.28745992362725,67.79931640625,3240500,0.0,0
67.6725189537294,68.63815988991638,67.53596502284799,68.17972564697266,1581000,0.0,0
68.41381780012388,68.59914418337253,67.65301519340171,67.99440002441406,860800,0.0,0
68.14071190958909,68.42845002966263,67.18482691342795,67.66277313232422,1150000,0.0,0
67.8383506937231,69.25266265869139,67.49695837519846,69.25266265869139,1108400,0.0,0
69.51601454392636,70.25731273452693,69.08684817390053,69.89642333984375,1241200,0.0,0
69.8086276652854,71.47654285188506,69.74035069653448,71.0376205444336,1798100,0.0,0
71.06688386224981,71.37900822345655,70.45239111908299,71.20343780517578,1276300,0.0,0
71.31073278921285,71.56433616367006,70.3353432092117,70.49140167236328,1378900,0.0,0
70.70598461217328,72.5153354560975,70.41337221953391,72.10079193115234,2104800,0.0,0
72.3544049035634,73.38831555651241,71.51556920495602,73.095703125,2903400,0.0,0
72.94937807470134,73.573626729221,71.89595567958781,72.1495590209961,2302700,0.0,0
77.05578332930112,77.15332080721423,71.32049479339909,72.52997589111328,6500100,0.0,0
72.7055332095218,73.57362925709053,71.28146545236825,71.29121398925781,2835400,0.0,0
71.28146295826441,71.34973992225842,68.56988147160024,68.58938598632811,2401900,0.0,0
68.4625934901747,69.89641728989706,67.92612627203656,69.86714935302734,2512700,0.0,0
70.15000522568054,71.39850249128965,69.95493031854063,71.07662963867188,1527900,0.0,0
70.881549366631,71.14490868477971,70.17926777374234,71.12539672851562,1220500,0.0,0
71.2814596747377,71.72038193139055,70.46701041260059,70.61819458007812,1176900,0.0,0
70.54992648898785,70.79377387148126,69.51600852690629,69.86714935302734,1192400,0.0,0
69.73060020183537,69.7891286379618,68.84299953826546,69.35995483398439,1008100,0.0,0
69.38921002804462,69.88666076812429,69.18437912133687,69.44773101806639,900300,0.0,0
69.46723810142004,69.86714390789398,67.91636499998161,67.94563293457031,1209600,0.0,0
68.03342568165691,68.23825660791765,66.90197015568461,66.94098663330078,1186000,0.0,0
66.93123057030151,66.93123057030151,65.42912983829926,65.95584106445311,2237200,0.0,0
66.06313414412078,67.23359856808487,65.53642292084754,67.20433807373047,1404000,0.0,0
67.0580201535476,68.09193051932057,67.0580201535476,67.77005767822266,1194300,0.0,0
67.94564415098061,68.09194663992075,67.1263130047548,67.58474731445311,1303600,0.0,0
67.02877304110469,67.95539016424705,66.97025204770299,67.49695587158203,760000,0.0,0
67.70178381324197,68.47233491322517,66.98974625602399,67.97489166259766,955400,0.0,0
67.7603174716214,67.79933394906001,66.32649355268889,66.86296081542969,1482700,0.0,0
66.88245487297289,68.44307651827685,66.39476014371347,68.32603454589844,1541400,0.0,0
68.2187507992568,68.91127652016907,68.17973432237879,68.37480926513672,1274000,0.0,0
68.24765231508931,68.24765231508931,63.80671927491805,64.92184448242189,3550000,0.2,0
65.07833988330957,65.69459830273064,64.03168716885803,65.63590240478516,2289800,0.0,0
65.05878693052067,66.2130402152392,64.84358602716087,66.02718353271484,1260900,0.0,0
67.11295638544716,67.32815726284764,65.37179650527837,66.76081085205078,2877900,0.0,0
66.66299435089098,67.13251675378099,66.40866536261987,66.80972290039061,2047200,0.0,0
66.69234435921153,67.23034659978448,66.44779924311922,67.13252258300781,1444000,0.0,0
66.96622813153104,66.96622813153104,65.75328654610476,65.97826385498047,1225000,0.0,0
65.52830534745841,65.743506237543,64.00234625474874,65.08812713623047,2145700,0.0,0
65.30331857233317,66.35485940410386,65.1272458207472,65.55764007568361,1980300,0.0,0
65.6163436471298,66.63365216835557,65.20550966632447,65.60655975341797,2318900,0.0,0
65.78263716626388,66.56518453408081,65.39136348235543,65.42070770263672,2356500,0.0,0
65.37179521217854,66.34997557161411,64.510991719604,66.15433502197266,1512700,0.0,0
66.15433208471364,66.92709542990781,65.98804322209457,66.06629943847656,1487200,0.0,0
66.09564609072271,66.47224761588758,63.7969237559475,63.93386840820313,2769600,0.0,0
63.933869124924485,64.51099195691097,62.18292537954309,62.27096176147461,1931600,0.0,0
61.90903406999087,62.10467088256366,61.097142603825425,61.70361709594727,1958000,0.0,0
61.801434005765934,62.06554314459797,60.5689246912164,60.77434539794922,2018100,0.0,0
60.77434283101129,60.95921810094654,58.769073970644776,59.46358108520508,4988700,0.0,0
59.27772397269957,59.414672347476206,58.33867179157259,58.62234497070313,2360800,0.0,0
58.60278237354538,59.10654463745698,58.3093290260831,58.73972702026367,1227000,0.0,0
58.53431037473315,58.61745480620715,57.86914746001764,57.95718383789063,1327000,0.0,0
57.95718649936627,59.03318340592585,57.89849433426846,58.92558670043945,1154800,0.0,0
59.04296608028465,59.9233261498059,58.74951272377757,59.89398193359375,3288800,0.0,0
60.24613225170798,61.05802006041459,59.708133766691,60.98954772949219,1624400,0.0,0
60.78412617784894,61.20474402566103,60.17765540739553,61.02867126464844,1387700,0.0,0
61.21452465279623,61.38081351184623,59.336416546017894,59.659217834472656,1569000,0.0,0
59.57118349724981,60.26079868847077,59.17012971182992,60.079833984375,1089800,0.0,0
60.079833787555636,60.989541788582365,60.079833787555636,60.56892395019531,921000,0.0,0
60.78412891445794,61.23996058870251,59.903768801221524,60.03092956542969,691300,0.0,0
60.089621043689824,60.16787353373188,59.32664154133516,59.87442016601562,1135900,0.0,0
59.991800484251,60.55914312634688,59.874416159849005,60.36350631713867,1295100,0.0,0
60.099397118735645,60.177653334918105,58.30443713899541,58.5440902709961,1304100,0.0,0
58.6810406044112,58.866893526843995,57.54635155219311,57.68329620361328,1070900,0.0,0
59.43423518914618,60.0993981118414,57.859367992799044,59.982017517089844,1646700,0.0,0
60.099399642238744,60.79391052990356,59.79616612045371,60.00158309936523,1041300,0.0,0
59.991803150836894,60.539581763214095,59.132958676991045,59.51249313354492,1955300,0.0,0
59.463582566143415,60.07983348127533,59.12121721516391,59.43423461914063,1045100,0.0,0
59.502708572515786,61.43950509050071,59.219035394101105,61.17539596557617,2027400,0.0,0
60.764558877181976,61.90903176262787,60.715650608727074,61.62535858154297,2281300,0.0,0
61.37103384388485,61.37103384388485,59.77659890539803,60.35372543334961,1315000,0.0,0
60.50045410364108,61.9970726000041,60.35372928771738,61.97750854492188,2422000,0.0,0
62.14379541564053,62.24161568790298,60.921069998323745,61.16561508178711,1064400,0.0,0
61.468847701903506,62.16335479111368,61.17539437012782,61.25364685058594,998700,0.0,0
61.283001990794325,62.56441589400188,61.283001990794325,62.32965469360352,670900,0.0,0
62.15358305775511,62.97525100555233,61.918818121625854,62.93612289428711,706100,0.0,0
63.02415541978509,63.36651702346683,62.56440949644535,62.98502731323242,956400,0.0,0
62.965473601286675,63.92408619222697,62.25139864185546,63.65998077392578,2706600,0.0,0
63.58171796455121,65.43047808987122,63.35673321729811,64.75553131103516,2535000,0.0,0
64.84357704148971,66.27660768848826,64.80444893148966,66.10543060302734,2758600,0.0,0
66.1249837965588,66.28149621968292,64.45229645476584,64.49142456054689,2027500,0.0,0
64.55991499955914,65.35223884096314,63.9827920688884,64.92184448242189,1269400,0.0,0
65.1761596674089,65.55276122432946,64.90227033980283,65.33267211914061,1250400,0.0,0
65.25441880302654,65.6750367071557,65.0196575778852,65.61634826660156,810900,0.0,0
65.73370801592172,66.5749436049338,65.2152736916772,66.47712707519531,892500,0.0,0
66.56517912716164,67.34771896849007,66.4575786862538,67.07382965087889,1647200,0.0,0
67.14229776153952,67.26945851874792,66.02717277394676,66.08586120605469,1979700,0.0,0
64.1979745392571,64.1979745392571,61.7525273631345,62.27096176147461,3855700,0.0,0
61.81121818753859,62.72092999032514,60.67652907178989,62.10467529296875,2441700,0.0,0
61.723173761517536,63.48390123887991,61.6351373876494,63.37630081176758,1483600,0.0,0
63.69910903071593,63.777357789291784,62.6818005399896,63.26870727539063,1319900,0.0,0
63.444781225472546,64.30557728925194,63.0730753608023,64.11972808837889,1061900,0.0,0
64.27622766908715,66.27171640928663,63.90452183565804,66.06629943847656,1642100,0.0,0
66.22280307237868,66.22280307237868,64.95606137980933,65.65546417236328,2230500,0.0,0
65.98904034509489,66.49921100178209,65.27283131383176,65.29245758056639,1137600,0.2,0
65.43961820748058,66.10676906786523,64.98831137328327,65.79281616210939,1101600,0.0,0
65.37094515836004,65.54754414625106,63.33025489134284,64.12494659423828,1022100,0.0,0
64.17400108807148,64.85095759835606,63.55590092339407,63.72268676757813,1225500,0.0,0
63.604962483914086,64.53700811936297,62.486500984670116,64.38003540039061,970800,0.0,0
63.85024312914717,65.98904991450085,63.85024312914717,65.57698059082031,1236900,0.0,0
65.78301051381192,65.93017009055083,64.96869259146065,65.79281616210939,544000,0.0,0
65.59660211600028,66.72487300797201,65.38762951702019,66.61695098876953,441300,0.0,0
66.62675602280876,67.08786847534532,65.86148884734686,66.02828216552734,1410200,0.0,0
65.95961758536605,66.44035639390503,65.21397653573409,65.53774261474611,1232400,0.0,0
65.67509221818902,66.91127764413511,65.50829887973092,66.61695098876953,749100,0.0,0
66.90147079820257,67.87276146841734,66.17544859378975,67.50975036621094,793700,0.0,0
67.73540431441589,69.05007975652535,67.68634613245099,68.79499816894531,1447100,0.0,0
68.52029404402353,68.52029404402353,66.63657631781362,66.96034240722656,1249600,0.0,0
67.21542073825071,67.8335134127806,66.9407128829041,67.14674377441406,732500,0.0,0
67.33314946020208,68.63801927889185,67.17617674834186,68.19652557373047,752700,0.0,0
68.10822070300857,68.62820449420414,66.81316404910032,67.10749816894531,673500,0.0,0
67.52938135067535,67.81390237197007,67.1761833577045,67.56862640380861,600400,0.0,0
67.57842245109028,67.95124666026814,66.65619003179661,67.15654754638672,630000,0.0,0
67.26447386179939,67.85314212761072,66.88184398015878,67.47050476074219,470600,0.0,0
67.89238181808835,68.68708100772365,67.57842889293251,68.59877777099611,429100,0.0,0
68.95196873827842,69.43270746866118,68.78518290113729,69.05989074707031,772900,0.0,0
68.77538080126233,70.05081884510841,68.49085977655116,70.01157379150389,611700,0.0,0
70.23721804775616,71.1104073236085,69.93798857202454,71.01229095458984,896900,0.0,0
71.38511302496335,71.45378999005446,70.27646096462807,70.43344116210938,920300,0.0,0
70.61004202593033,71.07116201180216,69.79572407152807,69.87421417236328,843600,0.0,0
69.95270204549514,70.12930102413641,69.01083583592322,69.71723175048828,526900,0.0,0
69.43270608970394,69.44251922264306,68.44179673444364,69.23648834228516,693000,0.0,0
69.26592437866674,70.41381398836765,68.69688239796403,70.22740936279297,657700,0.0,0
70.49230707088677,70.855318174339,70.24703111901505,70.59041595458984,522300,0.0,0
70.47268345508388,71.62057303466432,70.00175036628735,70.78663635253906,913400,0.0,0
70.89455718511476,72.25829076252215,70.58060429287481,71.8069839477539,955700,0.0,0
71.50284556862017,72.61149770463187,71.27817644078183,72.6016845703125,1109400,0.0,0
72.71941827581959,72.88620412978028,71.56171546176203,72.35640716552734,1059200,0.0,0
72.33678671764275,72.61149458495622,72.0866004572317,72.2386703491211,1055300,0.0,0
72.60167803102671,72.81752205524184,71.43416216471438,72.13074493408203,1409700,0.0,0
72.28772211937472,73.03336303965713,71.83641530808538,72.73902893066406,956200,0.0,0
72.87637906477106,73.39636280977174,72.26809958279756,72.46431732177734,906600,0.0,0
72.2484733177634,72.92543724212949,71.77754775012114,72.46431732177734,987100,0.0,0
72.7292216916384,73.08241965696246,72.16999282741334,72.19942474365234,940700,0.0,0
72.44470341899901,72.44470341899901,71.29681373111015,71.9737777709961,722700,0.0,0
71.95415054939424,72.10131761940613,70.89456411281054,71.34587097167969,1651100,0.0,0
71.44398168663314,73.33260958216817,71.44398168663314,72.1798095703125,2015100,0.0,0
72.209242333728,73.25902316066299,71.13984272316556,71.9639663696289,2914300,0.0,0
72.15037632656039,76.40836334228516,72.08169935808833,76.40836334228516,2599200,0.0,0
76.52610274284447,77.88983653905892,75.53518572684877,76.30044555664062,1333500,0.0,0
76.07479007729208,76.2474668024432,74.26955518046644,74.47559356689453,1338600,0.0,0
74.32843142801147,75.51556621473519,73.808447573562,75.12312316894531,1345400,0.0,0
75.12311685468606,75.52537300124807,74.29899326450234,74.52464294433594,573100,0.0,0
74.35785373049886,75.46649826764788,74.00465578348674,74.96614074707031,829500,0.0,0
75.1035055370894,75.42726413099611,74.59332732416792,74.65219116210938,521700,0.0,0
74.7502984347075,74.90236832102056,74.09295322176564,74.40690612792969,458500,0.0,0
74.50502178909271,74.76010337684748,73.73976205537306,74.07333374023438,721100,0.0,0
74.26954429349097,74.78953552246095,73.533716546256,74.78953552246094,762000,0.0,0
74.96614174009825,76.06497315848924,74.77972963080937,75.59404754638672,724700,0.0,0
75.6725290420922,75.85894114863152,75.17217152226691,75.51555633544922,612100,0.0,0
75.51556001006884,75.7215909080038,75.14273577884839,75.36839294433594,581500,0.0,0
75.72158799328619,75.72158799328619,73.75938048631862,73.90654754638672,696000,0.0,0
73.90655576374013,74.1125866766521,72.76847169025099,73.39637756347656,1137200,0.0,0
73.3963690237056,73.3963690237056,72.3564014456578,73.19033813476562,760400,0.0,0
73.46504378969315,73.88691868830473,72.81751922742156,73.58277893066406,728100,0.0,0
73.72995408100509,74.97595264753967,73.72995408100509,74.59332275390625,675400,0.0,0
74.55408512707876,75.70688523246073,74.2744744009146,75.56462097167969,649400,0.0,0
75.68234124947548,76.62419993349296,75.25065321234052,76.28081512451172,613000,0.0,0
76.31032377737054,76.93984890612406,75.36603608424029,76.7627944946289,941600,0.2,0
77.05788623338002,77.23494065878978,76.12835237611172,76.30049133300781,867800,0.0,0
76.17261973834779,76.7136139383055,75.50374831485699,75.94638061523438,1387600,0.0,0
75.77917388847727,76.22180624290208,75.3660493570764,75.60211944580078,739200,0.0,0
75.69064058832318,77.9333326281346,75.69064058832318,77.77594757080078,835100,0.0,0
77.91365454131973,78.12021679748321,77.0087129892133,77.70709228515625,801000,0.0,0
77.63823619952315,77.70709028313705,77.10707290970214,77.65790557861328,460400,0.0,0
77.43167754908022,79.1727066040039,77.40806828944847,79.1727066040039,673200,0.0,0
79.09400871040305,79.48745628274226,78.40546044974664,78.80875396728516,903600,0.0,0
78.6808821050555,79.96944775708441,78.46448142282782,79.67435455322266,784500,0.0,0
79.74321479197347,80.13666992599781,78.97598140811891,79.71370697021484,658000,0.0,0
79.87108242164696,81.58261108398436,79.72354331673193,81.58261108398438,1442500,0.0,0
81.346533092014,82.9498613995451,81.12030146261034,81.99573516845703,2253800,0.0,0
82.16294046150827,82.8711580874315,81.81867008905428,82.37934112548828,961400,0.0,0
82.33999686062319,82.84656774332123,81.80391816021945,82.12359619140625,819100,0.0,0
81.87769277524797,82.1039318992218,80.88422782981702,81.48423767089844,952800,0.0,0
81.71047812752491,81.95638663368749,81.22849955671518,81.5531005859375,678800,0.0,0
81.90720540131322,82.3793530551459,81.7596662949896,82.06459045410156,800900,0.0,0
82.3301755442198,82.73346914883142,81.80885064423543,82.47772216796875,2606900,0.0,0
82.47771960829957,82.87117475790836,82.23181107786067,82.64493560791016,917400,0.0,0
82.59575237854355,82.99903843668345,82.23180507841495,82.6055908203125,544800,0.0,0
82.43836920082238,82.80231650921745,81.46457357048126,82.65476989746094,1691700,0.0,0
82.5760709522435,83.39248896991086,82.23180055459216,83.02854919433594,951300,0.0,0
82.84165901661069,83.59905391597292,82.35968044428924,82.75312805175781,1152600,0.0,0
82.96952605150153,83.41216585236627,82.72361755253175,83.02854919433594,681100,0.0,0
83.01871397220333,83.56954662980432,82.76296702208911,82.84165954589844,687800,0.0,0
82.88100808439663,82.97445452092047,82.54656860128662,82.78264617919922,707300,0.0,0
82.91052102332252,83.11708328834726,82.57116605059159,82.64493560791016,638100,0.0,0
82.89083835008896,83.47118634375614,82.59575263688775,82.99903869628906,476200,0.0,0
82.97936798196636,83.68758568950463,82.15311148832768,82.73345947265625,821900,0.0,0
82.51706292546099,83.17609596240278,81.93672241653594,82.72362518310547,1395800,0.0,0
82.67444905980479,83.20068940064861,82.09213485123162,82.59575653076172,1172900,0.0,0
82.65475237499253,83.39247777284791,82.5908137723952,82.7137680053711,723200,0.0,0
82.93018100042408,83.05805822465348,82.06458577305962,82.79247283935547,968600,0.0,0
83.00887620683898,83.52037011123441,82.51705918582228,82.82198333740234,1027500,0.0,0
83.47118204448076,84.8285942661687,82.83673391039146,84.42530822753906,2257200,0.0,0
84.81877183294596,84.81877183294596,84.05153093034299,84.10071563720703,553400,0.0,0
84.15972176466167,84.41546870327501,83.74659729003906,83.74659729003906,444600,0.0,0
83.78594793694204,84.74991259939671,83.75644011642859,84.74007415771484,370100,0.0,0
84.8089311947587,85.17287099981195,84.43514544314846,84.66138458251953,427700,0.0,0
84.55317673658844,84.64170769789493,83.83512812764289,84.05152130126953,397000,0.0,0
84.12038430637179,84.66138605917409,83.48102814973784,84.62203979492188,1044800,0.0,0
84.36627319674837,84.66136635770287,82.57311058418779,82.7137680053711,1593400,0.0,0
85.7237033866292,92.91406542332744,84.77941566054884,92.02879333496094,3940600,0.0,0
90.9369740797204,90.99599723174705,88.99922110985996,89.21561431884766,1960200,0.0,0
89.06806768679992,90.41564155445064,88.72378976004046,89.7172622680664,1768800,0.0,0
89.70742582624563,90.74024462048695,89.54020983236884,89.76644897460938,1516400,0.0,0
90.44515753017548,90.48450379691064,89.09758354102854,89.30414581298828,945700,0.0,0
89.34347693788845,89.77627078955959,88.73362116365088,88.99920654296875,908900,0.0,0
88.79264317622871,90.40580993665509,88.79264317622871,89.7369384765625,1586800,0.0,0
89.5697128648616,90.09103770291469,88.89101048349632,89.18609619140625,685500,0.0,0
89.24513055749523,90.51401201875022,89.18610740486652,89.39266967773438,809300,0.0,0
89.45168839535768,90.18941397810929,89.10741045311408,89.51070404052734,682000,0.0,0
89.71725434679358,89.93365502295353,89.00903668100895,89.01887512207031,908500,0.0,0
89.03854890991968,89.94349791909717,89.00904108980568,89.7074203491211,1010900,0.0,0
89.73692468702117,90.6517045212162,89.57953965963955,89.69757843017578,1001400,0.0,0
89.46151197820836,89.96316743450552,89.17134174060331,89.40249633789062,901300,0.0,0
89.59922000747288,89.66808159378297,88.81231728779976,89.20577239990234,519000,0.0,0
89.1565897158325,90.19923940766512,88.79264241560213,88.95002746582031,907200,0.0,0
88.6352611351027,90.48449037005214,88.3303369938188,90.15989685058594,1016500,0.0,0
90.10087823746129,91.12385855861544,89.31397549355734,90.54351806640624,739700,0.0,0
90.25754612406185,91.06614615972636,89.97157680953859,90.83934783935548,740200,0.23,0
90.59282361924059,91.47045021461643,89.95185843119529,90.04060363769531,932900,0.0,0
90.3955900400042,90.6815593254287,89.80393282199793,90.47447967529295,1438200,0.0,0
90.92809715807077,91.69725240686444,90.50901001524386,90.99712371826172,660600,0.0,0
91.095721766794,92.18043548109242,90.78017073808806,91.2929458618164,973400,0.0,0
91.48030752799512,92.28890758156629,91.22392746653568,91.87474822998048,1128200,0.0,0
92.08183067757395,93.21584490866836,91.7465609609592,93.13695526123048,611000,0.0,0
93.11723577076052,93.64972960116484,92.88057435391329,93.26515197753906,580400,0.0,0
93.29472749431602,94.09346442500572,93.08764782796423,93.8074951171875,676700,0.0,0
93.65958846527708,94.09346645604752,92.84112534488877,93.19612121582031,465400,0.0,0
93.28487284500193,94.09347293483745,92.92002138605024,93.76805877685548,506400,0.0,0
93.8173649794546,94.27096916565435,93.22570767238236,93.8469467163086,466200,0.0,0
93.620137207491,94.59637202377328,93.38346829425352,94.5372085571289,962800,0.0,0
94.64568214000099,94.98095182326088,92.82139496031368,93.03833770751952,534200,0.0,0
92.92002317707441,93.63987054527577,92.55516418775915,93.60042572021484,527600,0.0,0
93.60041216066604,93.81735490540792,93.22076988069786,93.52152252197266,421700,0.0,0
92.69320125057399,94.28081944832786,92.34806849526441,93.9948501586914,713900,0.0,0
93.87652049586754,94.77387322880692,92.43681841213785,92.46640014648438,937400,0.0,0
92.70307478043091,93.70396364525952,91.19927383073023,91.25350952148438,778500,0.0,0
90.81962013023347,91.54933051023546,88.19660348266024,88.20645904541016,984500,0.0,0
86.8752225259338,87.04285736148337,84.22262432009192,85.68204498291016,2623100,0.0,0
85.73135810198316,87.22036058832224,84.02540533977955,85.44538879394531,2420900,0.0,0
85.23831300074181,87.09217452088696,83.7926899712228,84.3113784790039,1628800,0.0,0
85.35662793072919,87.05271744524859,84.97205036910323,86.8653564453125,1446500,0.0,0
86.10606929052315,86.72238048491917,84.75511244400829,85.15941619873047,1368900,0.0,0
82.61528716348614,82.96041995016076,79.05547287093384,82.21099090576172,2409500,0.0,0
78.6511811724215,78.87797950681298,72.23168087482895,72.35987091064453,1633300,0.0,0
73.95734934726353,73.95734934726353,69.8946229147215,71.71891021728516,2145400,0.0,0
70.02281425776637,71.98514697986313,69.19942341086478,70.43697357177734,2586500,0.0,0
66.63063948628663,67.97173332643365,61.37473926585586,62.47916793823242,2194800,0.0,0
64.86552210164834,65.43746071960884,59.550454740364806,62.96235275268555,2633100,0.0,0
57.50922846022638,60.132248688783854,50.75445943996191,51.71097183227539,2337400,0.0,0
52.60832311163309,53.061931018736544,48.35824343669482,52.39138412475586,2960400,0.0,0
49.699336869284046,50.37974308257642,38.51698626177839,44.3842658996582,2218200,0.0,0
42.47123568361076,48.673792294392264,42.18526639363872,48.13143920898438,2433300,0.0,0
48.76254782636103,50.498078685895365,46.770629375172774,46.96784973144531,2763700,0.0,0
45.419670758823564,48.08213208714868,41.840134318262855,47.046730041503906,1847000,0.0,0
49.16683893452765,56.84854201565512,49.05836757019452,54.27482604980469,3074900,0.0,0
54.23538956773448,57.08521216315445,53.41692642865841,55.54690170288086,2533600,0.0,0
56.09911143074808,60.60557873377071,55.34179043668269,58.02200317382813,1826300,0.0,0
55.72439126828079,57.45992569732617,53.15067888162552,56.45410537719727,1975700,0.0,0
56.96687404289362,59.16587182775886,55.45814551501851,56.83868026733398,2033000,0.0,0
56.98660047221315,59.30392911096504,55.64550668096445,56.306190490722656,2603700,0.0,0
51.27709063361672,51.73069476334529,47.45102974076529,50.290992736816406,3141100,0.0,0
49.05837161605271,51.4595214101534,47.914498177079686,49.18656539916992,3217500,0.0,0
49.1865661182844,50.04447026964058,48.08213372117621,49.50211715698242,1692100,0.0,0
51.977220666626636,52.76609825342359,50.6706401651096,51.09959411621094,1977700,0.0,0
53.762060961223405,57.706452781459895,52.38152231947454,54.3339958190918,2614700,0.0,0
54.659411781989604,57.60784265991236,54.373442462637406,56.94715881347656,1857500,0.0,0
57.893811286725466,61.40432143661069,57.20354195097106,57.5881233215332,2046900,0.0,0
57.578259401123255,57.88395112355234,54.836908270409964,57.45006561279297,1071800,0.0,0
58.268525712802926,61.35501322757046,58.268525712802926,59.85614395141602,2045400,0.0,0
57.79519742312028,57.834642241170656,53.742334529232856,55.13273239135742,2021700,0.0,0
55.57647623118702,57.2824250849456,55.053845566865476,56.74993133544922,1221500,0.0,0
58.47560309923812,60.43793952105913,57.647280735697,59.08698272705078,1533700,0.0,0
58.41644000664468,59.57017271946668,56.53792098923197,56.710487365722656,1245400,0.0,0
54.4523304643581,56.18786121593857,54.4523304643581,54.93551635742188,1341100,0.0,0
55.89203449546396,56.48270622976988,54.44049813065968,55.54690170288086,981800,0.0,0
55.55675703325661,57.18382010797238,55.13273462618922,55.90188980102539,1418000,0.0,0
56.2963317492064,57.68672969918161,55.4285645055935,56.97673797607422,1152800,0.0,0
57.13451026518622,58.57322672237298,57.02604265732628,57.73603057861328,1069200,0.0,0
59.02782173821881,59.58989724830668,58.19949933993169,59.32365036010742,1373100,0.0,0
60.56613845439495,64.51053052603248,59.530736287923176,63.98789978027344,2033300,0.0,0
62.548191861524856,63.554008437619416,59.8955897899322,60.5069694519043,2377600,0.0,0
59.69837148767154,60.15197564712893,57.223263497953894,57.53881454467773,884100,0.0,0
56.878127627063826,57.30215002838254,55.82300316657262,56.897850036621094,898800,0.0,0
57.548675736897756,59.18559814853109,57.548675736897756,58.15019607543945,1021700,0.0,0
58.30797283950665,59.55538614444885,58.06144835199506,58.17977905273438,1071400,0.0,0
59.09053979683177,59.36773036148733,54.78422778703064,54.86342239379883,1966200,0.23,0
56.40775686192151,61.38229295493174,55.74943446358213,60.92196273803711,1908700,0.0,0
60.13989399988273,60.931858926908376,58.838101769096404,59.06084060668945,902900,0.0,0
59.50632307945794,59.96170244826419,57.59570553600271,57.64520263671875,1040000,0.0,0
57.377914767546905,57.83329414434011,53.34878952112971,54.22985076904297,1271600,0.0,0
53.25969012616831,54.53673566516029,51.74505700285343,53.96255874633789,1114700,0.0,0
53.66557591814736,53.66557591814736,51.2005847421482,51.56686782836914,1289000,0.0,0
53.48738275373489,56.26916366040648,53.48738275373489,55.80388259887695,1416700,0.0,0
55.53659501876735,56.84333816440515,54.823828433392904,55.29900741577149,1503800,0.0,0
55.50689141045087,55.9424711523166,53.492328967693894,55.70488357543945,2020100,0.0,0
55.55639086909189,55.5959900590501,54.477337489243425,55.26930618286133,1449700,0.0,0
55.63558713330165,56.78393716371431,55.160408201032936,56.64534378051758,1291900,0.0,0
59.1202393737541,60.35768575196305,58.25897397552229,60.09039688110352,1923800,0.0,0
61.11005474448631,62.23860529732458,59.397429318956156,61.32784652709961,1957400,0.0,0
61.951516070272795,61.951516070272795,58.48171543677536,59.021240234375,2104300,0.0,0
58.36787017189206,59.74390994756728,57.41751225469881,59.456825256347656,6912000,0.0,0
60.308185208952686,62.88207595568107,59.823108340791066,60.971458435058594,2174800,0.0,0
62.1792068649651,62.18910477436365,59.99139880199485,61.14965057373047,1573900,0.0,0
62.10990787823588,64.75309520374185,61.97131071706377,64.12941741943361,1708100,0.0,0
63.703741819956065,65.2183750683216,63.327560817655566,65.14907836914061,1536100,0.0,0
68.60403330097171,70.65324429293456,67.09929420813722,70.5344467163086,3251700,0.0,0
70.60373906681194,74.05868718195049,70.53444237290736,73.83100128173828,4498500,0.0,0
72.6430497687943,72.7519456547504,70.29685625975009,71.17791748046875,3542400,0.0,0
70.6235320539367,70.70273043030197,68.46543294378,69.811767578125,1858600,0.0,0
67.39627999226497,67.49527418996472,62.47619208357729,62.62468338012695,1973400,0.0,0
64.75309604304942,65.96083733286794,62.23860038431718,64.31751251220703,1142700,0.0,0
62.42669453031736,65.15897439664033,61.4961324626122,64.86198425292969,1084500,0.0,0
67.75266379244835,68.28724151267362,65.55495790466883,67.27748107910156,1106200,0.0,0
67.43588456472935,68.18824656952079,66.69341669355644,67.14879608154297,1352300,0.0,0
66.09943894992705,67.22799710697683,65.78265294789833,67.10919952392578,850100,0.0,0
68.20804492112003,68.61392340003981,65.52526211710983,65.53515625,1356900,0.0,0
65.4064743567705,65.47577106126043,64.19377825180955,65.18868255615234,868300,0.0,0
65.88165156423797,66.73301532018175,65.59456308348729,65.87174987792969,1529300,0.0,0
64.81249194683662,65.35696381514391,61.23874624462181,62.41679382324219,1390000,0.0,0
61.704029077416614,63.41665066477379,61.35754181972411,63.21866226196289,977800,0.0,0
63.05036964589707,63.05036964589707,61.14965372688807,61.90201950073242,1970000,0.0,0
62.60488756169626,63.47109623253574,61.32784201888165,62.62468338012695,985900,0.0,0
62.78307979798748,63.89183451011008,62.238604128069966,63.28796005249024,873400,0.0,0
63.22855868864022,63.862134402490575,62.31779997263278,62.78307723999024,784300,0.0,0
64.06012400606922,64.06012400606922,62.644485029491655,62.82267761230469,757200,0.0,0
64.2086163521967,64.34720973818017,62.8127770304701,63.40675354003906,775200,0.0,0
62.94147364933917,63.06026744285375,61.83271898858123,62.41679382324219,1085100,0.0,0
62.02081237150682,62.44649421663786,60.120092820347224,61.22884368896485,1326800,0.0,0
60.66456929010212,60.74376766999816,58.38766873750321,59.357826232910156,1589400,0.0,0
59.338025541715204,62.456391829360655,59.159832966627654,62.37719345092773,994800,0.0,0
63.04046981362101,63.990827744145136,62.37224951173332,63.159263610839844,873000,0.0,0
62.990971996142854,65.56486274917842,62.45639425016007,65.48566436767578,1202400,0.0,0
67.09929538733299,68.10905592446511,66.29743250114329,67.57447814941406,1308900,0.0,0
67.15869122373262,67.67347318502999,66.02024651305632,66.24793243408203,1104700,0.0,0
66.5845102963251,66.75280117457349,65.41636072787125,65.73314666748047,1004400,0.0,0
65.56486434382208,65.8668015719678,64.10962614760412,64.34721374511719,849500,0.0,0
64.63430495030521,66.58452179616097,64.63430495030521,65.27777862548828,877400,0.0,0
65.09958795150501,67.59427678626122,64.6887548048704,67.47548675537111,741500,0.0,0
67.25768848329518,68.74262414858238,67.25768848329518,68.02985382080078,569800,0.0,0
67.6932706468518,68.13875591871269,66.74291264076561,67.10919952392578,945000,0.0,0
67.1784907373045,70.31665299363198,66.94090314338757,69.79197692871094,1547300,0.0,0
64.60460347340039,67.79226659380811,61.58028418338576,61.79312133789063,3554400,0.0,0
61.59513177970499,62.248503312626255,59.011343152484216,59.20933532714844,2963100,0.0,0
58.44706782983344,59.86270677863485,58.0857318283338,58.7242546081543,1028500,0.0,0
59.268733478421204,59.47662734985352,58.229279226806966,59.47662734985352,971700,0.0,0
59.63501893496256,60.30818630640189,58.65495971856125,59.526123046875,1057000,0.0,0
59.60531622110757,61.49118706886736,59.60531622110757,61.11995315551758,853400,0.0,0
61.496132777257884,62.396993569369315,60.89225835399008,62.16930389404297,1082600,0.0,0
61.503601004373216,63.29207325244037,61.38734968285458,63.09335327148438,1249000,0.23,0
62.715781638005936,63.05360444674206,62.139497899731424,62.34815216064453,879900,0.0,0
62.60649044371005,64.51419698303468,62.47732567588558,64.15650177001953,736500,0.0,0
64.99112511570652,65.07060704320314,63.47588574340053,63.798805236816406,799700,0.0,0
64.45457993573159,64.45457993573159,63.04367154219972,63.96771240234375,792900,0.0,0
63.61995688500437,65.16996437072271,63.31194452067229,64.27573394775389,571900,0.0,0
63.798800123637704,64.53405906267679,63.02379643376728,64.23598480224611,604700,0.0,0
64.50425428254853,64.73278471138303,62.91450210544871,63.04367065429688,869400,0.0,0
63.05360727438053,63.16290345126539,61.64270263891348,62.87475967407226,1043600,0.0,0
62.993991742002144,64.32540682420745,62.61642417779582,63.64976119995117,780500,0.0,0
62.765459561083844,63.2920680357531,61.75199494325046,61.94077682495117,655900,0.0,0
61.99046076158768,62.159374071404706,60.90744084893907,61.08628845214844,672400,0.0,0
61.42411000732522,63.25232696533204,61.19558336135791,63.25232696533203,877000,0.0,0
63.560341240437964,63.560341240437964,61.781803381432994,62.5270004272461,469800,0.0,0
62.06001078956812,62.36802694155689,60.60936140975317,61.05648040771485,1035500,0.0,0
61.66256987801618,63.16289818863236,61.37442612483074,62.050071716308594,1145600,0.0,0
62.21898515399386,63.93294065749589,61.46385380472682,63.77893447875977,1009200,0.0,0
63.56034394508318,64.06708008034911,62.42764499369112,62.44751358032226,921600,0.0,0
62.149432846809674,62.38789756912665,60.72859017660254,60.93724822998047,872600,0.0,0
60.97698696816004,62.82507618035083,60.76833271265928,62.36802291870117,996300,0.0,0
62.854887297341534,64.78246235700264,62.23885877976215,62.87475967407226,1081100,0.0,0
63.033730454826404,63.5007217994127,61.37442691258082,62.04013442993164,580400,0.0,0
61.79174107875024,62.00039914367776,60.470260215640614,60.70872116088867,790000,0.0,0
61.384361553134994,62.19910999494651,60.26160076763133,61.006797790527344,872300,0.0,0
61.19558063717001,62.38789665066561,61.00679875288822,61.60295486450195,1070300,0.0,0
61.60295767029404,63.212582277178214,61.324751977572106,62.92444229125977,991200,0.0,0
63.13309116443561,65.44817167897385,62.86481978784098,65.18983459472656,750500,0.0,0
65.22958373613517,66.89882544270235,65.05073613969809,66.8193359375,1544500,0.0,0
66.6106817841525,68.44883300697425,65.98173225446878,67.75331878662111,1318600,0.0,0
66.95843305161681,69.7901801024405,65.79592756452115,69.65107727050781,1421800,0.0,0
69.40268355867954,69.96903301197389,67.78312470325028,67.90235137939453,1429700,0.0,0
66.6603553583184,66.7150034442919,64.2260480679425,64.59368133544922,1092400,0.0,0
64.35521510203944,65.68663779806721,62.894631434198935,63.16290283203125,1383300,0.0,0
64.11675357731242,64.73278587348241,62.68100755058135,63.1231575012207,957500,0.0,0
63.08341373221732,64.12668880764495,61.72715348097375,62.26866149902344,735800,0.0,0
62.209051303529044,64.81227576749049,61.93084561344117,64.47444915771484,872100,0.0,0
65.31900447241438,67.37574806410585,65.31900447241438,66.3424072265625,668300,0.0,0
66.02445468657903,66.64048696840358,64.66323294557527,64.87188720703125,744300,0.0,0
65.60714302412353,66.71997327917205,65.24944785573422,65.84560394287111,856300,0.0,0
66.41195913786079,66.89882668083358,65.59721064579881,66.24304962158203,819200,0.0,0
65.17989924673111,67.78312362204485,64.93150023467761,67.49497985839844,699700,0.0,0
67.91228684910503,69.48217038923889,67.77318401193226,69.10460662841797,989700,0.0,0
69.55172198557375,71.24580503326531,68.93568971899424,69.71070098876953,1791900,0.0,0
71.53891958009486,73.7745108169728,70.76391583086303,71.74757385253906,2515400,0.0,0
72.16487844213796,74.20175337853557,71.89661084385223,73.85399627685547,1069700,0.0,0
74.08251829870098,74.51970298196676,72.1946918875868,72.74116516113281,1324500,0.0,0
72.97962430518058,73.0988585560318,72.12513112542034,72.15494537353516,630700,0.0,0
71.48923031328681,71.70782264967517,71.02224655345428,71.4991683959961,757100,0.0,0
71.44949841892665,72.5821973542652,71.28555415453073,71.66808319091797,502100,0.0,0
70.57512682583784,73.02931030333926,70.23830085484862,72.7709732055664,618000,0.0,0
72.81071592294494,73.20815585136565,71.67801705429439,72.23442840576172,964000,0.0,0
72.1946993529526,72.5523869901598,71.00237943362636,71.20110321044922,788800,0.0,0
71.87674169917616,72.64082192779735,71.0222559860911,71.42962646484375,857200,0.0,0
71.55878620020822,71.88667472526821,70.79372055560475,70.88314056396484,1885600,0.0,0
71.2706472906951,72.453021423631,70.57512551431425,72.41327667236328,1632200,0.0,0
72.83059804668949,73.10880374518224,71.09180485057311,71.6482162475586,688400,0.0,0
70.60493665893276,70.75397759050179,66.79946934535289,67.35588073730469,1201200,0.0,0
67.24658130364547,67.6688626592226,65.74624913808941,65.80587005615234,749200,0.0,0
64.0372628265108,64.68310177951754,62.805205838668115,62.90456771850586,1089600,0.0,0
62.81514174184129,64.4545766947213,62.43260515071087,63.6795654296875,1129300,0.0,0
63.67956773486864,64.02235958785222,62.21898410661697,63.04367065429688,725800,0.0,0
64.1068137117478,65.5674011158822,63.70938135678943,65.24945068359375,1062800,0.0,0
66.32253953173472,68.00171936287921,66.16356051742055,66.79946899414061,671000,0.0,0
67.26645439840814,68.46871237638621,66.66036015780448,66.77959442138672,1237200,0.0,0
67.70681131486509,68.50441308476351,66.93911095886818,67.55725860595703,766900,0.23,0
67.57719319518489,68.10062385586708,65.69284890198219,66.19135284423828,768700,0.0,0
72.64199428277502,82.14347810162336,72.492441580414,75.64299011230469,2421900,0.0,0
76.2312240600586,76.6898467869189,75.01487319002764,76.2312240600586,1073900,0.0,0
76.25116816456355,76.49543023386518,73.46951518795088,73.55924224853516,1025100,0.0,0
72.88127294755654,72.88127294755654,70.57818722812712,71.19633483886719,735800,0.0,0
71.78457296763294,72.33293038709584,70.8573552625383,71.71478271484375,585600,0.0,0
74.03781307441697,74.39673654774235,71.98397150892913,74.00790405273438,1098700,0.0,0
73.22026599127949,74.54628077852179,72.85137031288058,74.27709197998047,740500,0.0,0
74.39673457815971,75.25814784870866,73.01089416206275,73.02085876464844,1073800,0.0,0
72.27310151005389,72.40271740699416,70.24917666297183,71.3857650756836,1020700,0.0,0
70.99692860013518,71.17140801777589,69.10261215009625,69.41168975830078,1215000,0.0,0
69.83043491286313,70.20929518021055,69.1424970210226,69.86034393310547,1339900,0.0,0
71.31597505233243,73.16043817659938,70.79753428262627,71.76463317871094,1566100,0.0,0
71.74468866948547,73.90321171881631,70.89723346282587,73.04080200195312,1041000,0.0,0
72.80151118221278,73.40968659028276,72.0986264161885,72.97100830078125,661200,0.0,0
72.78157689830212,72.78157689830212,71.54029932105612,72.1634292602539,3592800,0.0,0
73.0707109309853,73.5592426790142,71.36582831080678,72.5323257446289,1064400,0.0,0
71.55525417065917,72.90122093096741,71.53531735939954,72.41268157958984,815900,0.0,0
72.7815795003846,75.99194627895912,72.42265603404913,75.43362426757812,839000,0.0,0
75.19433209319706,76.16143094882115,74.80549963054338,76.15145874023438,1332800,0.0,0
78.2651203696372,79.46152681036806,76.05176160837514,76.37080383300781,853100,0.0,0
75.56322958789195,77.71676269459928,75.46353031929222,77.26811218261719,566000,0.0,0
77.56721592727399,78.27708352805904,76.52035461306797,77.16841125488281,602800,0.0,0
76.35086428773606,77.24817288943514,75.4037022500557,76.16143035888672,963900,0.0,0
75.70280798467789,77.37778151300347,75.38376577007142,77.04876708984375,668100,0.0,0
77.59713054773425,78.54428505728592,76.1913456875593,76.31098937988281,1008000,0.0,0
76.74967086628409,77.08366759728665,75.6429914977363,76.63999938964844,580700,0.0,0
76.47050300413757,76.76960841722092,75.29403337607853,75.8623275756836,514400,0.0,0
76.36083198002225,78.43461025308281,76.12155221207425,78.40470123291016,785900,0.0,0
78.64397981703497,79.76063139492794,77.84637806702564,78.42464447021484,1325900,0.0,0
76.77958222459407,77.3977222682047,75.39872412239806,77.23820495605469,719900,0.0,0
77.74668124161045,78.23521299441363,76.82942817076147,77.10858917236328,640300,0.0,0
77.36781444992168,79.11257834102554,77.14847148656075,78.36482238769531,615100,0.0,0
78.20530071394549,78.20530071394549,76.52035495892456,77.41766357421875,294900,0.0,0
78.11557100443385,78.26512371756424,76.96901034585676,77.20829772949219,371700,0.0,0
77.41766611726719,77.50440379773433,76.37080476394183,76.6100845336914,527800,0.0,0
76.54029378824147,77.38775659571523,76.37080426937341,77.12853240966797,421100,0.0,0
77.35784152155044,78.98296931321634,76.70979245327565,78.50440216064453,382600,0.0,0
78.14547883503955,78.61407377931019,74.26711859487209,75.44358825683594,1162900,0.0,0
75.6031146428578,75.8573489316387,74.4964352102894,75.1644287109375,1018800,0.0,0
76.06173203172837,77.76661459270352,75.52334686406785,76.40071105957031,1244400,0.0,0
76.88925249169367,79.54128956770869,73.99792804137806,75.47349548339844,1418300,0.0,0
75.07469963939847,76.91916277550912,73.3897538155422,76.6001205444336,963700,0.0,0
75.87229694187718,76.5203535748997,74.82544324844051,75.7825698852539,923700,0.0,0
75.40370408539155,76.01187950764806,74.13750741025028,74.85535430908203,1260300,0.0,0
74.58616099032969,77.3478772228139,74.04777579403421,76.46054077148438,855700,0.0,0
76.93909771546916,79.21227450740624,76.63999990980548,77.90619659423828,953400,0.0,0
77.49742871100099,78.85335247965449,76.6998193350244,78.26512145996094,937100,0.0,0
78.98296858948669,79.14248590117107,76.77958200046855,76.85933685302734,889000,0.0,0
76.71975492896621,77.73670724752624,76.22125097853349,77.13850402832031,656200,0.0,0
77.09862543805231,77.20829691942613,75.90720126000656,76.83940124511719,540400,0.0,0
76.84937007364738,78.35484651252126,76.45056539588325,77.91616821289062,844300,0.0,0
77.31796452273895,78.295027990341,75.9121797537668,77.79652404785156,887600,0.0,0
78.37479512313652,78.54428464811996,76.55026875918442,76.69982147216797,1148100,0.0,0
75.41367856991214,75.76761972891609,72.39772808621416,73.16043853759766,1392300,0.0,0
74.11756072998338,77.17838216532559,73.65395572580529,76.67987823486328,909900,0.0,0
76.0617327037103,76.10161393202635,73.10061805870005,74.47648620605469,881700,0.0,0
74.9351162588982,75.64299094418766,73.86432467920783,75.37379455566406,725100,0.0,0
76.27110683269945,78.03580752625287,75.8822743475679,77.60709381103516,488200,0.0,0
76.93909676253922,79.24219015242763,76.93909676253922,78.30500030517578,531000,0.0,0
78.79000091552734,79.79000091552734,78.26000213623047,79.22000122070312,420900,0.235,0
80.0,81.16999816894531,79.08000183105469,79.5,338700,0.0,0
79.52999877929688,80.16000366210938,78.33999633789062,79.70999908447266,529900,0.0,0
79.80000305175781,79.80000305175781,78.5199966430664,78.7699966430664,634800,0.0,0
79.48999786376953,79.62000274658203,76.73999786376953,77.08000183105469,590900,0.0,0
76.66999816894531,77.30000305175781,76.23999786376953,77.26000213623047,437900,0.0,0
76.87000274658203,77.2699966430664,76.44999694824219,77.16000366210938,473000,0.0,0
77.63999938964844,77.87000274658203,76.4800033569336,76.72000122070312,405300,0.0,0
76.5999984741211,77.7699966430664,75.23999786376953,77.08999633789062,494100,0.0,0
76.43000030517578,78.01000213623047,76.11000061035156,77.58999633789062,409000,0.0,0
77.8499984741211,78.81999969482422,77.74500274658203,78.08999633789062,549900,0.0,0
77.87999725341797,81.33000183105469,77.5199966430664,80.75,848600,0.0,0
81.29000091552734,83.25,80.76100158691406,83.06999969482422,949900,0.0,0
82.8499984741211,85.12999725341797,82.38999938964844,83.58999633789062,660500,0.0,0
83.55000305175781,84.33999633789062,80.12999725341797,80.3499984741211,641300,0.0,0
80.86000061035156,81.38999938964844,79.0999984741211,79.7699966430664,751700,0.0,0
80.94999694824219,82.61000061035156,80.94999694824219,81.2699966430664,732400,0.0,0
81.25,81.9000015258789,78.87000274658203,81.33999633789062,782000,0.0,0
81.16999816894531,83.68499755859375,81.05999755859375,83.12999725341797,1157600,0.0,0
83.12999725341797,84.43000030517578,81.30000305175781,82.76000213623047,1262800,0.0,0
83.69999694824219,86.0199966430664,83.16000366210938,85.80000305175781,845100,0.0,0
86.33000183105469,86.41000366210938,84.08000183105469,84.30000305175781,868700,0.0,0
84.01000213623047,84.16000366210938,81.55999755859375,81.5999984741211,1616300,0.0,0
81.70999908447266,81.93499755859375,79.44000244140625,80.69000244140625,5457700,0.0,0
80.55999755859375,83.19000244140625,80.0,80.54000091552734,1435400,0.0,0
81.05000305175781,81.05999755859375,80.0999984741211,80.72000122070312,1051800,0.0,0
80.54000091552734,83.52999877929688,80.44999694824219,82.75,884100,0.0,0
82.43000030517578,82.91500091552734,80.08999633789062,80.30000305175781,601200,0.0,0
80.01000213623047,80.81999969482422,79.30000305175781,80.76000213623047,641300,0.0,0
80.30999755859375,81.05999755859375,79.62000274658203,79.91999816894531,571900,0.0,0
79.6500015258789,81.39900207519531,79.4749984741211,80.23999786376953,917500,0.0,0
79.97000122070312,80.02999877929688,78.5,79.25,685200,0.0,0
78.70999908447266,79.45999908447266,77.25,78.0,846900,0.0,0
78.11000061035156,80.98999786376953,77.69000244140625,77.98999786376953,680300,0.0,0
77.91000366210938,80.05999755859375,77.12999725341797,79.80000305175781,937700,0.0,0
80.4000015258789,81.2699966430664,79.5,80.63999938964844,934500,0.0,0
79.6500015258789,80.44999694824219,79.05000305175781,79.19000244140625,794800,0.0,0
79.19000244140625,80.25,78.63999938964844,78.91999816894531,950500,0.0,0
78.55000305175781,79.26000213623047,77.41000366210938,77.4800033569336,1886400,0.0,0
77.25,78.3499984741211,76.4800033569336,78.08000183105469,2842700,0.0,0
81.31999969482422,81.80000305175781,79.62000274658203,80.5999984741211,1439500,0.0,0
79.97000122070312,82.37999725341797,79.62000274658203,80.91999816894531,1316200,0.0,0
79.12999725341797,80.41000366210938,77.68000030517578,77.98999786376953,2575200,0.0,0
75.8499984741211,78.20999908447266,75.29000091552734,77.62000274658203,2490400,0.0,0
77.51000213623047,77.80000305175781,76.31099700927734,77.41000366210938,904600,0.0,0
77.47000122070312,79.52999877929688,77.23999786376953,78.69000244140625,1047200,0.0,0
78.22000122070312,78.68000030517578,77.29000091552734,77.69999694824219,790100,0.0,0
77.62999725341797,78.79000091552734,77.28900146484375,77.5199966430664,826400,0.0,0
78.08999633789062,78.91999816894531,77.94499969482422,78.7300033569336,1053900,0.0,0
79.18000030517578,80.75,79.18000030517578,80.61000061035156,1213100,0.0,0
80.73999786376953,81.04000091552734,79.2699966430664,79.7300033569336,705900,0.0,0
79.19999694824219,79.86000061035156,78.37999725341797,79.16000366210938,562400,0.0,0
79.45999908447266,80.97000122070312,79.33999633789062,80.87000274658203,605100,0.0,0
80.94000244140625,81.2300033569336,80.01000213623047,80.12000274658203,429000,0.0,0
80.48999786376953,81.6500015258789,80.24199676513672,81.33999633789062,406800,0.0,0
